"Player","Pos","Season","Team","GP","TOI","ATOI","G","A","Pts","SOG","BLK","HIT","PPP","SHP","W","SV","GA","FPV","FPV Adj","Pos Rank"
"Connor McDavid","F","21-22","EDM",82,1790,21.8,46,70,116,278,32,72,38,0,0,0,0,418,310,1
"Nathan MacKinnon","F","21-22","COL",82,1713,20.9,41,72,112,371,27,47,35,0,0,0,0,406,299,2
"Leon Draisaitl","F","21-22","EDM",82,1781,21.7,44,69,113,278,26,42,37,1,0,0,0,402,295,3
"Nikita Kucherov","F","21-22","T.B",82,1565,19.1,44,71,115,281,24,34,31,0,0,0,0,399,292,4
"Auston Matthews","F","21-22","TOR",82,1754,21.4,46,45,91,334,73,64,24,0,0,0,0,370,263,5
"Connor Hellebuyck","G","21-22","WPG",0,0,0,0,0,0,0,0,0,0,0,41,1899,172,412,259,1
"Brad Marchand","F","21-22","BOS",82,1509,18.4,39,64,103,223,24,80,26,3,0,0,0,361,254,7
"Jonathan Huberdeau","F","21-22","FLA",82,1502,18.3,37,69,106,205,20,57,34,0,0,0,0,362,254,6
"Juuse Saros","G","21-22","NSH",0,0,0,0,0,0,0,0,0,0,0,36,1917,159,406,254,2
"Sebastian Aho","F","21-22","CAR",82,1634,19.9,43,52,95,270,46,51,26,3,0,0,0,358,251,8
"Mark Scheifele","F","21-22","WPG",82,1685,20.5,38,66,104,204,54,31,29,0,0,0,0,356,248,9
"Mikko Rantanen","F","21-22","COL",78,1538,19.8,39,55,94,251,27,36,33,0,0,0,0,346,239,10
"Aleksander Barkov","F","21-22","FLA",82,1705,20.8,36,57,93,254,61,32,31,2,0,0,0,345,238,11
"Andrei Vasilevskiy","G","21-22","T.B",0,0,0,0,0,0,0,0,0,0,0,41,1764,169,389,236,3
"Artemi Panarin","F","21-22","NYR",82,1642,20,35,70,105,201,14,6,27,0,0,0,0,338,231,12
"Mika Zibanejad","F","21-22","NYR",82,1649,20.1,37,41,79,281,68,98,28,4,0,0,0,330,223,13
"Mitch Marner","F","21-22","TOR",82,1797,21.9,29,67,97,242,64,23,24,3,0,0,0,330,223,14
"David Pastrnak","F","21-22","BOS",76,1433,18.8,38,48,87,263,18,44,28,0,0,0,0,326,218,15
"Patrick Kane","F","21-22","CHI",82,1758,21.4,31,60,91,264,25,4,33,0,0,0,0,322,215,16
"Kyle Connor","F","21-22","WPG",82,1594,19.4,43,40,82,278,27,16,21,0,0,0,0,319,212,17
"Semyon Varlamov","G","21-22","NYI",0,0,0,0,0,0,0,0,0,0,0,30,1756,145,358,205,4
"Mark Stone","F","21-22","VGK",82,1558,19,31,56,87,197,62,40,24,1,0,0,0,308,201,18
"Andrei Svechnikov","F","21-22","CAR",82,1515,18.5,32,46,78,251,33,198,23,0,0,0,0,306,199,19
"Patrice Bergeron","F","21-22","BOS",78,1349,17.4,36,39,75,255,53,52,22,3,0,0,0,300,192,20
"Brayden Point","F","21-22","T.B",82,1561,19,35,49,84,200,29,13,25,0,0,0,0,299,192,21
"Jakob Chychrun","D","21-22","ARI",82,1908,23.3,23,39,62,264,141,76,18,0,0,0,0,265,189,1
"Elias Lindholm","F","21-22","CGY",82,1630,19.9,32,43,75,214,58,81,27,2,0,0,0,295,188,22
"John Carlson","D","21-22","WSH",82,1923,23.4,14,61,75,210,123,61,23,0,0,0,0,264,187,2
"Matthew Tkachuk","F","21-22","CGY",82,1524,18.6,32,44,75,240,16,187,22,0,0,0,0,294,187,23
"Gabriel Landeskog","F","21-22","COL",79,1558,19.7,31,43,74,228,45,123,26,0,0,0,0,290,183,24
"Alex Debrincat","F","21-22","CHI",82,1649,20.1,32,40,72,242,34,97,26,0,0,0,0,288,181,25
"Adam Fox","D","21-22","NYR",82,1892,23.1,11,58,69,196,156,30,30,2,0,0,0,256,179,3
"Jake Guentzel","F","21-22","PIT",82,1652,20.1,32,45,77,211,42,69,20,0,0,0,0,286,179,26
"Victor Hedman","D","21-22","T.B",82,1963,23.9,14,54,68,206,110,69,30,1,0,0,0,255,178,4
"Cale Makar","D","21-22","COL",82,2001,24.4,15,55,71,194,78,77,28,0,0,0,0,253,177,5
"Dougie Hamilton","D","21-22","N.J",82,1834,22.4,16,49,65,286,91,81,21,1,0,0,0,252,176,6
"Sean Couturier","F","21-22","PHI",82,1566,19.1,32,46,78,197,41,49,17,2,0,0,0,283,176,27
"Jacob Markstrom","G","21-22","CGY",0,0,0,0,0,0,0,0,0,0,0,30,1565,137,327,174,5
"Sidney Crosby","F","21-22","PIT",82,1570,19.1,28,49,77,197,32,48,29,0,0,0,0,280,173,30
"John Tavares","F","21-22","TOR",82,1505,18.4,31,45,76,234,37,56,18,0,0,0,0,280,173,29
"Max Pacioretty","F","21-22","VGK",76,1335,17.5,34,36,71,272,35,64,16,0,0,0,0,281,173,28
"David Perron","F","21-22","STL",81,1439,17.8,31,46,77,205,30,53,23,0,0,0,0,279,172,32
"Brady Tkachuk","F","21-22","OTT",82,1555,19,29,29,58,313,42,320,19,0,0,0,0,279,172,31
"Carey Price","G","21-22","MTL",0,0,0,0,0,0,0,0,0,0,0,23,1591,115,320,167,6
"Johnny Gaudreau","F","21-22","CGY",82,1531,18.7,28,51,78,212,12,0,26,0,0,0,0,272,165,33
"Roman Josi","D","21-22","NSH",82,1986,24.2,15,48,62,245,133,34,19,0,0,0,0,240,163,7
"Sam Reinhart","F","21-22","FLA",82,1623,19.8,34,34,67,219,40,26,23,0,0,0,0,268,161,34
"Ryan O'Reilly","F","21-22","STL",82,1654,20.2,27,48,75,196,52,14,21,3,0,0,0,267,160,35
"Bo Horvat","F","21-22","VAN",82,1617,19.7,30,32,62,220,72,87,26,0,0,0,0,266,159,36
"J.T. Miller","F","21-22","VAN",82,1667,20.3,23,49,72,156,45,132,27,2,0,0,0,265,158,37
"Evander Kane","F","21-22","S.J",79,1510,19.1,29,32,62,287,35,138,16,3,0,0,0,265,157,38
"Alex Ovechkin","F","21-22","WSH",79,1481,18.7,32,24,56,298,24,152,25,0,0,0,0,264,156,39
"Mathew Barzal","F","21-22","NYI",82,1588,19.4,27,47,74,221,34,23,17,0,0,0,0,263,155,40
"Philipp Grubauer","G","21-22","SEA",0,0,0,0,0,0,0,0,0,0,0,33,1369,130,308,155,7
"Tuukka Rask","G","21-22","-",0,0,0,0,0,0,0,0,0,0,0,29,1384,114,307,155,8
"Shea Theodore","D","21-22","VGK",82,1847,22.5,13,49,62,267,80,20,23,0,0,0,0,229,153,8
"Jonathan Toews","F","21-22","CHI",82,1583,19.3,26,46,72,198,45,45,19,2,0,0,0,260,153,41
"Nikolaj Ehlers","F","21-22","WPG",75,1298,17.4,34,37,71,217,19,32,11,0,0,0,0,259,152,42
"Darnell Nurse","D","21-22","EDM",82,2022,24.7,17,32,49,225,169,185,8,1,0,0,0,227,150,9
"Nicklas Backstrom","F","21-22","WSH",81,1488,18.5,22,54,77,147,43,23,26,0,0,0,0,257,150,43
"Jeff Petry","D","21-22","MTL",82,1872,22.8,15,42,57,198,105,159,15,1,0,0,0,225,149,10
"Tyson Barrie","D","21-22","EDM",82,1736,21.2,10,50,60,211,89,36,31,0,0,0,0,225,149,11
"Ryan Nugent-Hopkins","F","21-22","EDM",81,1616,20,26,38,65,205,55,32,27,2,0,0,0,256,149,44
"Anze Kopitar","F","21-22","L.A",82,1626,19.8,22,47,69,156,69,44,30,2,0,0,0,255,148,45
"Pavel Buchnevich","F","21-22","STL",82,1503,18.3,29,39,68,190,46,76,12,2,0,0,0,254,147,46
"Travis Konecny","F","21-22","PHI",81,1350,16.7,28,43,71,184,28,75,15,0,0,0,0,254,147,47
"Brock Boeser","F","21-22","VAN",82,1572,19.2,29,37,66,216,22,35,24,0,0,0,0,253,146,48
"Kris Letang","D","21-22","PIT",82,1964,24,13,44,57,187,101,118,20,0,0,0,0,221,145,12
"Jonathan Marchessault","F","21-22","VGK",82,1382,16.9,29,35,64,280,17,73,14,0,0,0,0,252,145,49
"Marc-Andre Fleury","G","21-22","CHI",0,0,0,0,0,0,0,0,0,0,0,32,1454,152,297,145,10
"Thatcher Demko","G","21-22","VAN",0,0,0,0,0,0,0,0,0,0,0,28,1634,167,298,145,9
"Kevin Fiala","F","21-22","MIN",81,1366,16.9,30,32,62,250,24,42,20,1,0,0,0,252,144,51
"Claude Giroux","F","21-22","PHI",82,1484,18.1,26,46,72,203,17,33,17,0,0,0,0,252,144,50
"Tomas Hertl","F","21-22","S.J",76,1430,18.8,30,37,67,182,51,40,14,2,0,0,0,250,143,52
"Jordan Binnington","G","21-22","STL",0,0,0,0,0,0,0,0,0,0,0,33,1492,169,294,142,12
"Igor Shesterkin","G","21-22","NYR",0,0,0,0,0,0,0,0,0,0,0,28,1494,146,294,142,13
"Ben Bishop","G","21-22","DAL",0,0,0,0,0,0,0,0,0,0,0,24,1598,146,295,142,11
"Quinn Hughes","D","21-22","VAN",82,1925,23.5,11,52,63,177,77,25,26,0,0,0,0,218,141,13
"Joe Pavelski","F","21-22","DAL",81,1436,17.8,29,32,61,189,58,76,20,0,0,0,0,247,140,53
"William Nylander","F","21-22","TOR",75,1256,16.8,30,37,67,206,21,6,17,0,0,0,0,247,140,54
"Miro Heiskanen","D","21-22","DAL",82,2033,24.8,14,39,53,217,114,76,18,0,0,0,0,215,139,14
"Tyler Toffoli","F","21-22","MTL",81,1388,17.2,32,28,60,254,19,87,12,2,0,0,0,246,139,55
"Bryan Rust","F","21-22","PIT",81,1553,19.3,30,29,59,219,47,90,18,0,0,0,0,246,139,56
"Elias Pettersson","F","21-22","VAN",78,1482,19.1,28,39,67,181,35,40,18,0,0,0,0,246,139,58
"Kirill Kaprizov","F","21-22","MIN",82,1443,17.6,30,34,63,234,25,29,17,0,0,0,0,246,139,57
"Thomas Chabot","D","21-22","OTT",82,2145,26.2,13,42,55,206,110,98,16,0,0,0,0,214,138,15
"Tristan Jarry","G","21-22","PIT",0,0,0,0,0,0,0,0,0,0,0,39,1227,148,290,138,14
"Jack Eichel","F","21-22","BUF",75,1493,20,24,39,63,217,41,41,25,0,0,0,0,245,137,59
"Neal Pionk","D","21-22","WPG",82,1842,22.5,9,45,54,171,113,212,18,0,0,0,0,213,136,16
"Steven Stamkos","F","21-22","T.B",76,1345,17.7,30,32,62,180,26,51,22,0,0,0,0,243,135,60
"Vincent Trocheck","F","21-22","CAR",75,1327,17.8,25,36,60,185,43,157,19,1,0,0,0,242,135,61
"Nick Suzuki","F","21-22","MTL",82,1526,18.6,24,38,62,186,55,105,17,2,0,0,0,240,133,62
"Dominik Kubalik","F","21-22","CHI",82,1280,15.6,28,32,60,229,23,74,16,0,0,0,0,240,133,63
"T.J. Oshie","F","21-22","WSH",78,1333,17.2,30,29,59,139,50,94,20,0,0,0,0,239,132,64
"Blake Wheeler","F","21-22","WPG",81,1431,17.8,21,48,68,162,46,84,19,0,0,0,0,239,132,66
"Timo Meier","F","21-22","S.J",82,1371,16.7,28,32,59,234,39,127,10,0,0,0,0,239,132,65
"Jakub Vrana","F","21-22","DET",79,1261,15.9,33,31,63,190,17,40,10,0,0,0,0,238,131,67
"Ivan Provorov","D","21-22","PHI",82,2005,24.5,14,31,45,193,166,86,16,1,0,0,0,206,130,17
"Drew Doughty","D","21-22","L.A",82,2117,25.8,10,38,48,153,137,126,25,1,0,0,0,204,128,18
"Charlie McAvoy","D","21-22","BOS",82,1972,24.2,12,39,51,187,131,118,11,1,0,0,0,203,126,19
"Joel Farabee","F","21-22","PHI",82,1368,16.7,29,31,60,189,41,72,11,2,0,0,0,233,126,68
"Brent Burns","D","21-22","S.J",82,2062,25.1,10,38,49,228,145,46,15,1,0,0,0,201,125,20
"Zach Werenski","D","21-22","CBJ",82,1964,24,16,36,52,196,88,48,12,0,0,0,0,201,124,21
"Ryan Strome","F","21-22","NYR",82,1495,18.2,21,42,64,188,34,30,22,2,0,0,0,232,124,69
"Josh Norris","F","21-22","OTT",82,1468,17.9,27,33,59,168,42,85,17,0,0,0,0,231,124,70
"Roope Hintz","F","21-22","DAL",76,1390,18.3,23,37,60,169,34,84,23,1,0,0,0,230,123,71
"John Klingberg","D","21-22","DAL",82,1835,22.4,11,42,53,149,83,55,25,0,0,0,0,198,122,22
"Mike Hoffman","F","21-22","MTL",76,1172,15.4,29,30,59,185,18,32,20,0,0,0,0,229,122,72
"Mackenzie Blackwood","G","21-22","N.J",0,0,0,0,0,0,0,0,0,0,0,25,1548,158,275,122,15
"Jason Robertson","F","21-22","DAL",78,1355,17.5,26,38,64,203,19,31,10,0,0,0,0,228,121,73
"Brock Nelson","F","21-22","NYI",82,1460,17.8,30,26,56,183,51,42,12,1,0,0,0,227,120,74
"Jared Spurgeon","D","21-22","MIN",82,1791,21.8,12,35,47,158,164,69,14,0,0,0,0,195,119,23
"Aaron Ekblad","D","21-22","FLA",80,1941,24.2,14,31,46,209,91,46,19,1,0,0,0,195,118,25
"Morgan Rielly","D","21-22","TOR",82,1944,23.7,11,41,52,160,97,78,17,0,0,0,0,195,118,24
"Devon Toews","D","21-22","COL",82,1906,23.2,14,37,51,165,126,57,7,1,0,0,0,193,117,26
"Andre Burakovsky","F","21-22","COL",78,1220,15.7,26,37,62,164,26,19,15,0,0,0,0,223,116,75
"Chris Kreider","F","21-22","NYR",78,1281,16.5,25,25,50,180,49,160,21,0,0,0,0,223,116,77
"Drake Batherson","F","21-22","OTT",81,1345,16.7,25,29,53,189,34,133,19,0,0,0,0,223,116,76
"Mark Giordano","D","21-22","SEA",82,1829,22.3,10,35,45,196,172,55,11,1,0,0,0,191,115,27
"Ondrej Palat","F","21-22","T.B",81,1355,16.8,19,39,58,150,57,131,22,0,0,0,0,222,115,78
"Rasmus Dahlin","D","21-22","BUF",82,1769,21.6,11,36,47,180,84,132,19,0,0,0,0,190,114,29
"Torey Krug","D","21-22","STL",79,1731,22,8,47,55,141,78,59,23,0,0,0,0,191,114,28
"James Van Riemsdyk","F","21-22","PHI",76,1235,16.2,25,34,59,196,21,37,15,0,0,0,0,221,113,79
"Oliver Bjorkstrand","F","21-22","CBJ",76,1302,17.1,27,33,59,197,35,44,8,0,0,0,0,220,113,80
"Alex Nedeljkovic","G","21-22","DET",0,0,0,0,0,0,0,0,0,0,0,29,1248,131,265,113,16
"Samuel Girard","D","21-22","COL",82,1932,23.6,11,40,51,158,104,50,15,0,0,0,0,189,112,30
"Clayton Keller","F","21-22","ARI",82,1410,17.2,23,35,58,215,20,23,19,0,0,0,0,218,111,81
"Seth Jones","D","21-22","CHI",82,2021,24.7,9,32,41,188,163,130,12,1,0,0,0,186,110,31
"Filip Forsberg","F","21-22","NSH",76,1351,17.7,24,29,53,211,24,83,18,0,0,0,0,218,110,82
"William Karlsson","F","21-22","VGK",82,1526,18.6,21,38,58,170,49,30,16,3,0,0,0,215,108,84
"Martin Necas","F","21-22","CAR",82,1462,17.8,22,35,57,177,45,64,14,2,0,0,0,215,108,85
"Joel Eriksson Ek","F","21-22","MIN",82,1404,17.1,24,28,51,186,67,161,5,2,0,0,0,215,108,83
"Tom Wilson","F","21-22","WSH",72,1189,16.6,24,27,52,132,56,199,8,2,0,0,0,213,106,86
"Mikhail Sergachev","D","21-22","T.B",82,1823,22.2,10,35,45,154,114,106,14,0,0,0,0,181,105,32
"Chris Driedger","G","21-22","SEA",0,0,0,0,0,0,0,0,0,0,0,25,1196,105,258,105,17
"Phil Kessel","F","21-22","ARI",79,1317,16.6,24,36,60,152,12,0,18,0,0,0,0,211,103,87
"Conor Garland","F","21-22","VAN",79,1388,17.5,24,31,54,206,28,37,14,0,0,0,0,210,103,88
"Cam Talbot","G","21-22","MIN",0,0,0,0,0,0,0,0,0,0,0,23,1323,127,253,101,18
"Oscar Klefbom","D","21-22","EDM",77,1898,24.6,7,30,36,193,167,43,22,1,0,0,0,176,100,33
"Pavel Zacha","F","21-22","N.J",79,1391,17.6,24,28,52,158,24,59,15,3,0,0,0,206,99,89
"Alex Stalock","G","21-22","EDM",0,0,0,0,0,0,0,0,0,0,0,21,1146,81,251,99,19
"MacKenzie Weegar","D","21-22","FLA",82,1797,22,10,34,44,138,123,154,2,2,0,0,0,174,98,34
"Anthony Beauvillier","F","21-22","NYI",82,1383,16.9,24,28,53,184,34,76,7,1,0,0,0,204,97,90
"Patrik Laine","F","21-22","CBJ",81,1412,17.5,26,23,49,191,33,71,12,0,0,0,0,204,97,91
"Alex Pietrangelo","D","21-22","VGK",79,1833,23.3,11,30,41,206,122,38,10,0,0,0,0,173,96,35
"Yanni Gourde","F","21-22","SEA",82,1375,16.8,24,30,54,160,32,75,7,2,0,0,0,203,96,93
"Alex Tuch","F","21-22","VGK",82,1360,16.6,25,24,49,201,48,76,9,0,0,0,0,203,96,92
"Elvis Merzlikins","G","21-22","CBJ",0,0,0,0,0,0,0,0,0,0,0,16,1268,87,249,96,20
"Blake Coleman","F","21-22","CGY",82,1278,15.6,25,22,47,184,43,185,0,3,0,0,0,201,94,95
"Pierre-Luc Dubois","F","21-22","WPG",76,1214,15.9,23,28,51,160,50,97,11,0,0,0,0,201,94,94
"Mike Smith","G","21-22","EDM",0,0,0,0,0,0,0,0,0,0,0,27,1260,139,246,94,21
"Tomas Tatar","F","21-22","N.J",72,1068,14.9,21,35,56,153,23,84,9,0,0,0,0,200,93,96
"Sean Monahan","F","21-22","CGY",79,1379,17.4,21,29,50,168,27,67,19,0,0,0,0,199,92,97
"Jamie Benn","F","21-22","DAL",79,1370,17.3,20,28,48,184,56,132,12,0,0,0,0,199,92,98
"Filip Hronek","D","21-22","DET",82,1946,23.7,10,30,39,169,90,103,15,1,0,0,0,167,91,36
"Alex Killorn","F","21-22","T.B",82,1394,17,23,28,51,172,20,74,12,1,0,0,0,199,91,99
"Jack Hughes","F","21-22","N.J",82,1531,18.7,20,32,52,225,28,15,14,0,0,0,0,198,91,100
"Andrew Copp","F","21-22","WPG",82,1477,18,20,30,50,154,57,88,11,3,0,0,0,197,90,102
"Brayden Schenn","F","21-22","STL",82,1479,18,21,27,48,131,39,151,16,0,0,0,0,198,90,101
"Max Comtois","F","21-22","ANA",82,1368,16.7,23,26,49,155,49,134,7,0,0,0,0,196,89,103
"Ryan Pulock","D","21-22","NYI",82,1804,22,8,26,33,188,171,137,6,0,0,0,0,164,88,37
"Adin Hill","G","21-22","S.J",0,0,0,0,0,0,0,0,0,0,0,18,1277,106,240,88,22
"Jake Muzzin","D","21-22","TOR",80,1686,21,8,33,40,145,147,138,2,1,0,0,0,163,87,38
"Jared McCann","F","21-22","SEA",75,1124,15.1,20,31,51,173,26,69,14,0,0,0,0,194,87,104
"Dylan Larkin","F","21-22","DET",79,1590,20.1,20,25,45,230,41,58,16,0,0,0,0,194,87,105
"Adrian Kempe","F","21-22","L.A",82,1379,16.8,20,25,45,178,33,78,19,3,0,0,0,192,85,108
"Kevin Hayes","F","21-22","PHI",82,1406,17.1,22,24,47,183,27,80,11,3,0,0,0,192,85,106
"Jakub Voracek","F","21-22","CBJ",81,1336,16.6,15,47,62,136,22,7,11,0,0,0,0,192,85,107
"Logan Couture","F","21-22","S.J",79,1430,18.1,20,27,47,161,58,63,12,2,0,0,0,192,84,109
"Nino Niederreiter","F","21-22","CAR",82,1303,15.9,24,24,48,178,22,91,8,0,0,0,0,191,84,110
"Carter Verhaeghe","F","21-22","FLA",79,1310,16.5,23,28,52,161,27,59,4,0,0,0,0,190,83,111
"Kaapo Kahkonen","G","21-22","MIN",0,0,0,0,0,0,0,0,0,0,0,18,990,52,236,83,23
"Christian Dvorak","F","21-22","ARI",82,1453,17.7,22,22,44,141,66,62,16,1,0,0,0,189,82,112
"Zach Hyman","F","21-22","EDM",76,1396,18.3,24,24,47,147,39,108,5,2,0,0,0,189,82,114
"Denis Gurianov","F","21-22","DAL",82,1307,15.9,22,24,46,187,20,92,13,0,0,0,0,189,82,113
"Vince Dunn","D","21-22","SEA",79,1567,19.9,12,27,39,164,80,68,9,0,0,0,0,158,81,39
"Justin Faulk","D","21-22","STL",82,1899,23.2,9,24,33,173,125,176,4,1,0,0,0,157,81,40
"Cam Atkinson","F","21-22","PHI",81,1423,17.6,22,23,45,218,38,12,10,3,0,0,0,188,81,115
"Brendan Gallagher","F","21-22","MTL",72,1102,15.4,25,20,45,213,19,80,6,0,0,0,0,188,81,116
"Anthony Cirelli","F","21-22","T.B",79,1409,17.8,21,24,46,141,57,109,6,3,0,0,0,187,80,117
"Jordan Staal","F","21-22","CAR",79,1385,17.5,18,29,46,126,35,185,14,1,0,0,0,187,80,118
"Andrew Mangiapane","F","21-22","CGY",81,1292,16,22,26,47,153,44,77,7,1,0,0,0,187,79,119
"Jack Roslovic","F","21-22","CBJ",79,1351,17.1,21,30,51,138,28,49,10,0,0,0,0,186,79,120
"Damon Severson","D","21-22","N.J",82,1833,22.4,9,30,39,148,92,80,8,1,0,0,0,154,77,41
"Anthony Duclair","F","21-22","FLA",76,1226,16.1,22,26,49,157,32,51,6,1,0,0,0,184,77,122
"Rasmus Ristolainen","D","21-22","PHI",82,1834,22.5,6,23,29,124,123,302,9,1,0,0,0,153,77,42
"Taylor Hall","F","21-22","BOS",78,1360,17.5,16,33,49,201,26,44,14,0,0,0,0,185,77,121
"Jake Oettinger","G","21-22","DAL",0,0,0,0,0,0,0,0,0,0,0,21,1114,100,227,74,24
"Alex Iafallo","F","21-22","L.A",82,1524,18.6,18,25,43,162,68,45,15,2,0,0,0,180,73,123
"Jesper Bratt","F","21-22","N.J",76,1214,15.9,17,33,50,160,29,41,11,0,0,0,0,180,73,125
"Nick Schmaltz","F","21-22","ARI",78,1298,16.7,17,33,50,151,39,13,14,0,0,0,0,180,73,124
"Robin Lehner","G","21-22","VGK",0,0,0,0,0,0,0,0,0,0,0,22,1110,107,225,73,25
"Evgeni Malkin","F","21-22","PIT",64,1105,17.2,17,34,51,143,15,17,18,0,0,0,0,180,72,126
"Evgeny Kuznetsov","F","21-22","WSH",72,1205,16.8,19,33,52,139,20,24,11,0,0,0,0,179,72,127
"Anthony Mantha","F","21-22","WSH",79,1415,17.9,20,24,44,190,35,65,9,0,0,0,0,179,72,128
"Brett Pesce","D","21-22","CAR",82,1867,22.8,9,28,37,136,138,17,4,1,0,0,0,148,71,43
"Keith Yandle","D","21-22","PHI",79,1317,16.7,6,37,43,137,23,8,24,0,0,0,0,147,70,44
"Ilya Samsonov","G","21-22","WSH",0,0,0,0,0,0,0,0,0,0,0,25,953,92,222,70,26
"Jean-Gabriel Pageau","F","21-22","NYI",76,1266,16.6,19,19,38,137,76,153,9,4,0,0,0,177,69,129
"Alec Martinez","D","21-22","VGK",79,1692,21.5,9,25,34,98,161,41,8,1,0,0,0,145,68,45
"Chandler Stephenson","F","21-22","VGK",72,1241,17.3,19,28,47,118,47,50,8,3,0,0,0,176,68,130
"Ilya Sorokin","G","21-22","NYI",0,0,0,0,0,0,0,0,0,0,0,19,1141,103,221,68,27
"Jonas Brodin","D","21-22","MIN",82,1788,21.8,9,25,34,118,156,44,3,1,0,0,0,143,67,49
"Shea Weber","D","21-22","MTL",70,1494,21.4,9,20,29,156,119,102,10,1,0,0,0,144,67,48
"Reilly Smith","F","21-22","VGK",78,1314,16.9,20,22,42,175,30,47,11,3,0,0,0,174,67,131
"Connor Brown","F","21-22","OTT",82,1484,18.1,20,24,44,160,46,20,6,3,0,0,0,174,67,132
"Esa Lindell","D","21-22","DAL",82,1855,22.6,7,21,28,136,173,145,4,1,0,0,0,144,67,47
"Rasmus Andersson","D","21-22","CGY",82,1758,21.4,9,23,32,147,113,70,12,0,0,0,0,144,67,46
"Martin Jones","G","21-22","PHI",0,0,0,0,0,0,0,0,0,0,0,20,1164,112,219,67,28
"Patric Hornqvist","F","21-22","FLA",67,1037,15.5,16,21,37,200,31,111,19,0,0,0,0,174,66,133
"Calvin Petersen","G","21-22","L.A",0,0,0,0,0,0,0,0,0,0,0,20,1376,157,218,66,29
"Shayne Gostisbehere","D","21-22","ARI",74,1470,19.8,11,24,35,152,62,14,14,0,0,0,0,142,65,50
"Matt Dumba","D","21-22","MIN",80,1753,21.9,9,19,28,155,107,104,11,1,0,0,0,141,65,51
"Mattias Ekholm","D","21-22","NSH",80,1788,22.3,9,28,37,141,96,23,5,1,0,0,0,140,64,52
"Nils Hoglander","F","21-22","VAN",82,1302,15.9,20,25,45,181,28,35,5,0,0,0,0,171,64,134
"Kevin Labanc","F","21-22","S.J",82,1347,16.4,17,27,43,184,23,82,10,0,0,0,0,171,64,135
"Ryan Ellis","D","21-22","PHI",74,1715,23.1,7,28,35,129,114,30,8,1,0,0,0,139,63,55
"Oliver Ekman-Larsson","D","21-22","VAN",79,1662,21.1,8,26,34,118,62,120,14,0,0,0,0,140,63,53
"Jacob Trouba","D","21-22","NYR",82,1690,20.7,6,21,26,135,145,195,6,1,0,0,0,140,63,54
"Jordan Eberle","F","21-22","SEA",79,1274,16.1,20,24,44,172,31,31,8,0,0,0,0,170,63,136
"Sergei Bobrovsky","G","21-22","FLA",0,0,0,0,0,0,0,0,0,0,0,22,1117,120,215,63,30
"Travis Sanheim","D","21-22","PHI",82,1751,21.4,7,23,31,154,134,76,4,1,0,0,0,139,62,57
"Josh Morrissey","D","21-22","WPG",80,1849,23.1,6,23,29,139,124,96,14,0,0,0,0,139,62,56
"Victor Olofsson","F","21-22","BUF",78,1341,17.3,19,24,43,166,17,10,16,0,0,0,0,169,62,138
"Gustav Nyquist","F","21-22","CBJ",82,1404,17.1,18,27,45,160,26,30,10,0,0,0,0,169,62,137
"Cam Fowler","D","21-22","ANA",80,1695,21.2,8,30,38,123,76,26,8,1,0,0,0,137,61,58
"Erik Karlsson","D","21-22","S.J",77,1769,22.9,9,24,33,129,94,16,12,0,0,0,0,137,61,59
"Nicolas Hague","D","21-22","VGK",74,1354,18.2,9,24,34,135,73,139,2,0,0,0,0,137,61,60
"Jordan Greenway","F","21-22","MIN",82,1315,16,17,30,47,111,53,125,2,1,0,0,0,168,61,139
"Mikael Granlund","F","21-22","NSH",76,1367,18,18,21,39,132,67,52,11,2,0,0,0,167,60,141
"Joonas Donskoi","F","21-22","SEA",78,1153,14.9,21,22,43,124,43,7,10,1,0,0,0,168,60,140
"Dmitry Orlov","D","21-22","WSH",80,1564,19.5,9,26,35,116,83,123,1,0,0,0,0,134,58,61
"John Gibson","G","21-22","ANA",0,0,0,0,0,0,0,0,0,0,0,22,1278,156,211,58,31
"Evgeny Dadonov","F","21-22","VGK",79,1154,14.6,21,20,40,152,32,32,9,0,0,0,0,164,57,144
"Jordan Kyrou","F","21-22","STL",82,1271,15.5,19,28,47,150,20,15,4,0,0,0,0,164,57,143
"Vitek Vanecek","G","21-22","WSH",0,0,0,0,0,0,0,0,0,0,0,24,1073,124,209,57,32
"Frank Vatrano","F","21-22","FLA",82,1212,14.8,21,14,34,214,40,107,4,0,0,0,0,165,57,142
"Jaccob Slavin","D","21-22","CAR",82,1830,22.4,6,25,31,152,146,40,1,1,0,0,0,131,55,62
"Erik Cernak","D","21-22","T.B",74,1495,20.2,8,20,28,140,88,184,1,1,0,0,0,131,54,63
"Mikael Backlund","F","21-22","CGY",82,1380,16.8,14,28,42,186,28,51,6,3,0,0,0,162,54,145
"Tim Stützle","F","21-22","OTT",81,1305,16.2,18,20,38,159,27,61,12,0,0,0,0,160,53,147
"Jaden Schwartz","F","21-22","SEA",75,1238,16.6,16,24,41,165,39,59,8,0,0,0,0,161,53,146
"Dustin Brown","F","21-22","L.A",73,1174,16.1,18,18,36,164,12,125,12,0,0,0,0,160,53,150
"Nazem Kadri","F","21-22","COL",76,1221,16,15,23,38,204,19,50,15,0,0,0,0,160,53,149
"Rickard Rakell","F","21-22","ANA",76,1307,17.2,13,26,39,212,26,88,9,0,0,0,0,160,53,148
"Calle Jarnkrok","F","21-22","SEA",75,1202,16.1,18,22,41,138,30,29,9,2,0,0,0,159,52,151
"Darcy Kuemper","G","21-22","COL",0,0,0,0,0,0,0,0,0,0,0,15,1079,85,204,52,33
"Alex Goligoski","D","21-22","MIN",82,1776,21.7,6,22,29,78,164,89,5,0,0,0,0,128,51,64
"Kyle Palmieri","F","21-22","NYI",72,1104,15.4,19,18,36,146,26,86,12,0,0,0,0,158,51,153
"David Krejci","F","21-22","-",70,1141,16.3,11,37,48,89,31,25,17,0,0,0,0,158,51,155
"Eeli Tolvanen","F","21-22","NSH",72,1091,15.2,16,23,39,114,26,119,14,0,0,0,0,159,51,152
"Viktor Arvidsson","F","21-22","L.A",72,1175,16.4,18,18,36,219,36,13,9,0,0,0,0,158,51,154
"Carter Hart","G","21-22","PHI",0,0,0,0,0,0,0,0,0,0,0,21,1002,104,203,51,34
"Alex Wennberg","F","21-22","SEA",81,1432,17.8,19,20,39,111,55,33,8,2,0,0,0,158,50,156
"Yegor Sharangovich","F","21-22","N.J",82,1410,17.2,19,21,40,162,36,27,3,2,0,0,0,157,50,158
"Mike Reilly","D","21-22","BOS",76,1446,19.1,6,29,34,132,65,87,5,0,0,0,0,126,50,66
"Nick Leddy","D","21-22","DET",82,1758,21.4,5,28,33,94,87,70,12,0,0,0,0,127,50,65
"Max Domi","F","21-22","CBJ",82,1295,15.8,18,25,43,152,16,21,7,0,0,0,0,157,50,157
"Kasperi Kapanen","F","21-22","PIT",75,1162,15.6,18,27,45,119,17,64,5,0,0,0,0,157,50,160
"Craig Smith","F","21-22","BOS",78,1134,14.6,18,22,39,177,12,82,6,0,0,0,0,157,50,159
"Nick Ritchie","F","21-22","TOR",70,1069,15.3,15,21,36,159,25,131,12,0,0,0,0,156,49,161
"Jesse Puljujarvi","F","21-22","EDM",78,1158,14.9,18,19,37,159,26,125,4,0,0,0,0,156,49,162
"Frederik Andersen","G","21-22","CAR",0,0,0,0,0,0,0,0,0,0,0,28,855,112,200,47,35
"Connor Murphy","D","21-22","CHI",77,1683,21.8,5,17,22,114,173,140,1,1,0,0,0,123,47,68
"Teuvo Teravainen","F","21-22","CAR",63,1006,16.1,12,34,47,127,26,5,11,1,0,0,0,154,47,163
"Mario Ferraro","D","21-22","S.J",76,1644,21.7,4,18,22,94,137,237,5,1,0,0,0,123,47,67
"Ryan Suter","D","21-22","DAL",82,1731,21.1,5,26,31,101,100,42,10,0,0,0,0,122,46,69
"Dylan Strome","F","21-22","CHI",67,1031,15.4,16,24,40,126,28,9,14,0,0,0,0,153,46,166
"Jason Zucker","F","21-22","PIT",69,1065,15.5,20,18,38,121,24,101,5,0,0,0,0,154,46,164
"Anders Lee","F","21-22","NYI",69,1117,16.3,19,17,35,157,32,69,8,0,0,0,0,153,46,165
"Jesperi Kotkaniemi","F","21-22","CAR",82,1285,15.7,14,22,36,145,40,116,10,0,0,0,0,151,44,167
"Josh Anderson","F","21-22","MTL",75,1197,16,18,12,30,165,34,177,6,0,0,0,0,151,44,168
"Kevin Shattenkirk","D","21-22","ANA",82,1585,19.4,6,20,26,144,92,72,8,0,0,0,0,120,43,70
"Phillip Danault","F","21-22","L.A",79,1302,16.5,13,29,41,117,52,113,1,2,0,0,0,150,43,169
"Jack Campbell","G","21-22","TOR",0,0,0,0,0,0,0,0,0,0,0,26,877,112,195,42,36
"Josh Bailey","F","21-22","NYI",76,1265,16.6,12,34,47,90,36,0,10,1,0,0,0,149,42,171
"Tanner Pearson","F","21-22","VAN",78,1265,16.3,18,15,33,149,50,92,5,1,0,0,0,149,42,170
"Brandon Saad","F","21-22","STL",67,981,14.6,20,18,39,144,16,22,3,0,0,0,0,148,41,172
"Tyler Myers","D","21-22","VAN",82,1746,21.3,6,16,23,134,123,93,3,1,0,0,0,116,40,72
"Colton Parayko","D","21-22","STL",79,1639,20.8,7,16,23,144,130,74,0,1,0,0,0,116,40,71
"Sam Bennett","F","21-22","FLA",72,1069,14.9,16,17,32,138,29,169,5,1,0,0,0,145,38,174
"Jamie Oleksiak","D","21-22","SEA",82,1553,19,6,15,21,110,116,193,1,0,0,0,0,114,38,73
"Miles Wood","F","21-22","N.J",76,1122,14.7,18,14,32,181,35,71,4,0,0,0,0,146,38,173
"Nico Hischier","F","21-22","N.J",66,1190,18.2,14,22,36,122,40,34,13,2,0,0,0,144,37,177
"Noah Hanifin","D","21-22","CGY",82,1694,20.8,6,22,28,146,77,53,4,0,0,0,0,113,37,74
"Matt Duchene","F","21-22","NSH",64,979,15.3,16,21,38,132,16,41,9,0,0,0,0,144,37,176
"Jeff Carter","F","21-22","PIT",70,1072,15.3,17,15,31,192,34,44,7,0,0,0,0,144,37,178
"Oliver Wahlstrom","F","21-22","NYI",73,1006,13.8,16,19,35,147,18,71,10,0,0,0,0,144,37,179
"Filip Chytil","F","21-22","NYR",76,1159,15.2,17,22,39,141,31,32,3,0,0,0,0,144,37,175
"Gabriel Vilardi","F","21-22","L.A",79,1205,15.2,17,22,39,115,26,11,7,0,0,0,0,143,36,180
"Paul Stastny","F","21-22","WPG",76,1178,15.5,15,22,38,122,23,43,10,0,0,0,0,143,36,181
"Jonathan Bernier","G","21-22","N.J",0,0,0,0,0,0,0,0,0,0,0,17,1100,116,189,36,37
"Adam Pelech","D","21-22","NYI",82,1697,20.7,5,18,23,116,131,101,1,2,0,0,0,111,35,77
"John Marino","D","21-22","PIT",74,1530,20.6,6,20,26,106,89,72,5,0,0,0,0,112,35,75
"Ty Smith","D","21-22","N.J",77,1555,20.2,6,22,28,111,55,47,10,0,0,0,0,111,35,78
"Sean Walker","D","21-22","L.A",67,1232,18.5,6,17,24,144,102,60,3,0,0,0,0,112,35,76
"Justin Holl","D","21-22","TOR",77,1544,20,4,19,23,84,137,127,1,1,0,0,0,110,34,80
"Ryan Lindgren","D","21-22","NYR",79,1579,20.1,4,21,25,104,93,156,2,1,0,0,0,110,34,79
"Valeri Nichushkin","F","21-22","COL",70,932,13.3,13,22,35,154,39,86,3,2,0,0,0,141,34,182
"Ryan Johansen","F","21-22","NSH",70,1164,16.6,12,26,38,93,30,60,14,0,0,0,0,141,34,183
"Kailer Yamamoto","F","21-22","EDM",76,1295,17,16,20,36,103,52,80,3,1,0,0,0,141,34,184
"Anton Khudobin","G","21-22","DAL",0,0,0,0,0,0,0,0,0,0,0,16,963,87,186,34,38
"Tony Deangelo","D","21-22","CAR",52,869,16.7,7,23,30,104,32,30,12,0,0,0,0,110,33,81
"Nate Schmidt","D","21-22","WPG",71,1388,19.5,7,21,28,98,104,2,2,0,0,0,0,110,33,82
"Kevin Lankinen","G","21-22","CHI",0,0,0,0,0,0,0,0,0,0,0,20,1097,133,185,33,39
"Casey Mittelstadt","F","21-22","BUF",78,1270,16.4,16,19,35,120,27,24,11,2,0,0,0,140,32,185
"Tyler Bertuzzi","F","21-22","DET",72,1334,18.6,16,19,34,96,27,51,12,2,0,0,0,139,32,188
"Ryan Graves","D","21-22","N.J",74,1385,18.7,5,12,17,143,146,119,0,1,0,0,0,108,32,83
"Adam Henrique","F","21-22","ANA",72,1092,15.3,18,16,33,114,45,53,5,1,0,0,0,139,32,186
"Dillon Dube","F","21-22","CGY",76,1120,14.7,16,19,35,121,25,86,4,0,0,0,0,139,32,187
"Brandon Montour","D","21-22","FLA",76,1534,20.3,7,16,22,132,103,79,0,0,0,0,0,107,31,84
"Filip Zadina","F","21-22","DET",75,1220,16.3,15,19,34,147,31,29,11,0,0,0,0,138,31,189
"Adam Larsson","D","21-22","SEA",77,1460,18.9,4,12,16,85,149,234,1,1,0,0,0,106,30,85
"K'Andre Miller","D","21-22","NYR",77,1542,20,6,14,20,105,96,131,4,0,0,0,0,105,29,89
"Matt Grzelcyk","D","21-22","BOS",61,1146,18.8,6,19,25,128,63,27,10,0,0,0,0,106,29,87
"Tyson Jost","F","21-22","COL",81,1224,15.2,15,18,33,151,36,64,4,2,0,0,0,137,29,190
"Mason Appleton","F","21-22","SEA",78,1082,13.9,17,18,35,117,30,77,1,1,0,0,0,136,29,191
"Duncan Keith","D","21-22","EDM",76,1664,22,3,17,20,118,146,29,9,0,0,0,0,105,29,88
"Alex Edler","D","21-22","L.A",71,1405,19.7,4,13,17,112,182,109,0,1,0,0,0,106,29,86
"Linus Ullmark","G","21-22","BOS",0,0,0,0,0,0,0,0,0,0,0,18,979,102,181,29,40
"Ryan Hartman","F","21-22","MIN",79,1189,15,14,18,31,129,61,91,3,3,0,0,0,135,28,192
"Brandon Hagel","F","21-22","CHI",73,1088,14.9,13,21,34,141,40,62,3,1,0,0,0,135,28,193
"Jeremy Swayman","G","21-22","BOS",0,0,0,0,0,0,0,0,0,0,0,20,893,96,181,28,41
"Mike Matheson","D","21-22","PIT",68,1257,18.4,8,17,25,120,63,52,2,0,0,0,0,104,27,90
"Mats Zuccarello","F","21-22","MIN",67,1053,15.7,14,26,40,94,23,5,7,0,0,0,0,134,27,194
"Pius Suter","F","21-22","DET",82,1296,15.8,15,18,33,140,48,33,4,0,0,0,0,134,27,195
"Gustav Forsling","D","21-22","FLA",71,1403,19.7,6,17,23,135,72,51,3,1,0,0,0,102,26,93
"Erik Gustafsson2","D","21-22","-",64,1172,18.4,6,22,28,80,40,44,10,0,0,0,0,103,26,91
"Charlie Coyle","F","21-22","BOS",75,1192,16,13,21,34,127,40,74,4,2,0,0,0,134,26,197
"P.K. Subban","D","21-22","N.J",70,1458,20.9,5,15,20,144,90,59,5,0,0,0,0,102,26,94
"Zach Parise","F","21-22","-",57,738,13.1,16,18,34,133,30,6,6,0,0,0,0,134,26,196
"Nikita Zaitsev","D","21-22","OTT",82,1772,21.6,4,12,16,71,171,163,1,1,0,0,0,103,26,92
"Lars Eller","F","21-22","WSH",72,1129,15.8,13,22,35,120,38,45,3,2,0,0,0,131,24,198
"Andreas Athanasiou","F","21-22","L.A",69,1055,15.4,16,17,33,138,28,20,4,0,0,0,0,131,24,199
"Kaapo Kakko","F","21-22","NYR",73,1068,14.6,15,18,32,155,24,18,6,0,0,0,0,131,24,200
"Nick Bonino","F","21-22","S.J",75,1087,14.6,14,18,33,85,80,4,7,1,0,0,0,131,23,201
"Adam Boqvist","D","21-22","CBJ",65,1216,18.6,5,19,23,104,44,47,14,0,0,0,0,99,23,95
"Ryan McDonagh","D","21-22","T.B",76,1573,20.8,4,15,19,100,150,82,0,1,0,0,0,99,23,96
"Warren Foegele","F","21-22","EDM",75,1046,14,15,15,30,145,25,93,1,2,0,0,0,129,22,204
"Jake Debrusk","F","21-22","BOS",69,1028,15,15,14,29,164,25,50,7,0,0,0,0,130,22,202
"Luke Kunin","F","21-22","NSH",58,799,13.8,15,14,29,115,40,128,2,1,0,0,0,129,22,203
"J.T. Compher","F","21-22","COL",63,928,14.8,15,17,31,86,65,36,5,2,0,0,0,128,21,207
"Justin Schultz","D","21-22","WSH",64,1226,19.2,5,22,27,73,58,30,7,0,0,0,0,97,21,97
"Marcus Foligno","F","21-22","MIN",60,859,14.4,13,19,32,61,33,200,0,2,0,0,0,129,21,205
"Pavel Francouz","G","21-22","COL",0,0,0,0,0,0,0,0,0,0,0,19,823,85,173,21,42
"Tj Brodie","D","21-22","TOR",80,1627,20.3,4,19,23,68,123,35,3,0,0,0,0,97,21,98
"Colin White2","F","21-22","OTT",67,1002,14.9,15,17,32,119,25,71,6,0,0,0,0,128,21,206
"Alexis Lafrenière","F","21-22","NYR",72,1026,14.3,17,16,34,104,17,54,2,0,0,0,0,127,20,208
"Brady Skjei","D","21-22","CAR",79,1587,20.2,5,11,16,138,112,113,0,1,0,0,0,96,19,99
"Nick Foligno","F","21-22","BOS",70,1132,16.2,9,17,26,102,62,219,4,3,0,0,0,126,19,209
"Zach Sanford","F","21-22","STL",70,980,14,15,12,27,98,67,107,3,2,0,0,0,126,19,210
"Brenden Dillon","D","21-22","WPG",79,1457,18.5,3,18,21,68,80,209,0,1,0,0,0,95,19,100
"Henri Jokiharju","D","21-22","BUF",68,1289,18.9,6,15,21,93,88,80,2,0,0,0,0,95,18,101
"Joel Edmundson","D","21-22","MTL",82,1580,19.4,5,12,17,107,99,139,1,0,0,0,0,94,18,102
"Matt Roy","D","21-22","L.A",73,1367,18.8,4,13,17,109,111,107,1,1,0,0,0,93,16,104
"Mathieu Joseph","F","21-22","T.B",67,860,12.8,16,14,30,95,21,118,1,1,0,0,0,123,16,211
"Dante Fabbro","D","21-22","NSH",76,1455,19.2,4,14,18,112,113,62,2,0,0,0,0,92,16,105
"Scott Mayfield","D","21-22","NYI",80,1523,19,3,13,16,107,136,108,1,1,0,0,0,93,16,103
"Teddy Blueger","F","21-22","PIT",73,1108,15.2,13,19,31,87,49,84,0,3,0,0,0,122,15,212
"Cody Ceci","D","21-22","EDM",70,1348,19.3,5,13,18,85,110,109,0,1,0,0,0,91,15,107
"Adam Lowry","F","21-22","WPG",75,1153,15.5,12,14,25,91,47,224,1,2,0,0,0,122,15,214
"Scott Laughton","F","21-22","PHI",72,1068,14.9,11,15,26,117,50,188,0,2,0,0,0,122,15,213
"Nikita Zadorov","D","21-22","CGY",77,1412,18.3,3,9,12,81,98,298,0,0,0,0,0,92,15,106
"Alex Texier","F","21-22","CBJ",79,1285,16.2,12,16,29,123,35,85,3,1,0,0,0,121,14,216
"Chris Tanev","D","21-22","CGY",80,1591,19.9,2,15,17,83,171,35,1,1,0,0,0,91,14,108
"Jonathan Drouin","F","21-22","MTL",69,1056,15.4,10,23,33,120,12,48,10,0,0,0,0,121,14,215
"Jakob Silfverberg","F","21-22","ANA",66,1002,15.3,13,14,27,139,47,12,6,2,0,0,0,120,13,219
"Boone Jenner","F","21-22","CBJ",75,1293,17.3,10,12,22,127,102,120,4,2,0,0,0,120,13,217
"Lawson Crouse","F","21-22","ARI",75,1060,14.2,11,10,21,111,45,273,1,2,0,0,0,120,13,218
"Garnet Hathaway","F","21-22","WSH",76,951,12.5,12,13,24,85,44,247,0,1,0,0,0,120,13,220
"Artturi Lehkonen","F","21-22","MTL",70,989,14.1,11,14,25,140,43,136,0,3,0,0,0,119,12,222
"Nick Paul","F","21-22","OTT",78,1206,15.5,10,16,26,132,55,103,3,3,0,0,0,119,12,221
"Radko Gudas","D","21-22","FLA",74,1231,16.6,1,11,12,103,82,296,0,0,0,0,0,89,12,109
"Max Jones","F","21-22","ANA",73,1070,14.6,12,13,25,129,26,140,3,1,0,0,0,118,11,224
"Noah Dobson","D","21-22","NYI",70,1209,17.3,5,14,18,106,66,52,7,0,0,0,0,87,11,110
"Michael Rasmussen","F","21-22","DET",81,1223,15.2,10,15,25,118,45,122,9,1,0,0,0,118,11,225
"Rudolfs Balcers","F","21-22","S.J",66,974,14.9,11,16,28,97,41,129,4,1,0,0,0,119,11,223
"Thomas Greiss","G","21-22","DET",0,0,0,0,0,0,0,0,0,0,0,14,935,95,163,11,43
"Trevor Moore","F","21-22","L.A",79,1171,14.8,14,14,28,115,27,54,2,3,0,0,0,117,10,229
"Brian Dumoulin","D","21-22","PIT",65,1414,21.7,4,15,19,67,95,99,0,1,0,0,0,87,10,111
"Mattias Janmark","F","21-22","VGK",82,1341,16.4,13,16,29,116,36,26,6,2,0,0,0,118,10,226
"Brandon Tanev","F","21-22","SEA",66,919,14,11,10,21,78,58,288,0,3,0,0,0,118,10,227
"Ryan Donato","F","21-22","-",66,844,12.9,11,16,27,132,22,71,8,0,0,0,0,117,10,228
"Colin Blackwell","F","21-22","SEA",60,819,13.8,14,16,31,77,25,56,4,0,0,0,0,117,9,230
"Ethan Bear","D","21-22","CAR",68,1285,18.8,4,14,19,98,95,52,1,0,0,0,0,86,9,112
"Janne Kuokkanen","F","21-22","N.J",72,1136,15.9,13,20,33,91,27,15,4,0,0,0,0,116,9,232
"Troy Terry","F","21-22","ANA",67,970,14.5,13,21,33,108,17,0,5,0,0,0,0,116,9,231
"Tyler Johnson","F","21-22","CHI",72,991,13.8,14,14,28,98,20,78,4,0,0,0,0,116,9,233
"Colin Miller","D","21-22","BUF",65,1181,18.1,3,14,18,87,68,131,4,0,0,0,0,86,9,113
"Conor Sheary","F","21-22","WSH",73,979,13.4,13,17,30,133,22,17,2,0,0,0,0,116,8,234
"David Savard","D","21-22","MTL",79,1507,19.2,1,8,9,82,165,185,0,1,0,0,0,85,8,114
"Brandon Carlo","D","21-22","BOS",76,1393,18.4,4,12,16,110,73,103,1,1,0,0,0,84,7,115
"Jason Dickinson","F","21-22","VAN",76,1182,15.5,10,15,24,97,76,130,1,2,0,0,0,115,7,235
"Robert Thomas","F","21-22","STL",53,795,14.9,13,21,34,73,18,11,5,0,0,0,0,114,7,237
"Robby Fabbri","F","21-22","DET",60,983,16.5,13,14,27,106,22,56,8,0,0,0,0,114,7,236
"Alex Romanov","D","21-22","MTL",70,1207,17.3,2,10,12,110,75,194,2,0,0,0,0,82,6,116
"Chris Tierney","F","21-22","OTT",76,1145,15,10,22,32,75,47,22,1,3,0,0,0,112,5,238
"Carson Soucy","D","21-22","SEA",59,970,16.4,5,16,20,60,65,94,0,0,0,0,0,81,5,118
"Vladislav Gavrikov","D","21-22","CBJ",71,1327,18.6,3,14,17,75,103,88,1,1,0,0,0,81,5,117
"Ben Chiarot","D","21-22","MTL",70,1422,20.4,3,8,10,101,118,141,0,1,0,0,0,80,4,120
"Marcus Pettersson","D","21-22","PIT",67,1182,17.7,2,18,20,71,76,96,2,0,0,0,0,80,4,119
"Mikey Anderson","D","21-22","L.A",71,1446,20.3,3,12,15,73,95,92,2,2,0,0,0,79,3,122
"Alex Kerfoot","F","21-22","TOR",79,1169,14.8,11,17,28,78,51,50,3,1,0,0,0,110,3,239
"Artem Zub","D","21-22","OTT",68,1205,17.7,4,12,16,53,93,128,0,1,0,0,0,79,3,121
"Nolan Patrick","F","21-22","VGK",69,990,14.4,11,16,27,96,28,64,6,0,0,0,0,109,2,241
"Owen Tippett","F","21-22","FLA",63,793,12.7,11,17,28,129,9,60,3,0,0,0,0,110,2,240
"Philippe Myers","D","21-22","NSH",65,1216,18.6,3,13,16,112,65,102,1,0,0,0,0,78,2,123
"Juuso Valimaki","D","21-22","CGY",76,1262,16.7,3,12,16,104,85,53,2,0,0,0,0,77,1,124
"Jeff Skinner","F","21-22","BUF",72,1045,14.6,13,11,24,179,14,15,4,0,0,0,0,108,0,242
"Milan Lucic","F","21-22","CGY",75,958,12.8,10,12,23,82,12,235,3,0,0,0,0,107,0,243
"Erik Brannstrom","D","21-22","OTT",56,997,17.7,4,16,19,75,37,49,6,0,0,0,0,76,-1,125
"Barclay Goodrow","F","21-22","NYR",81,1193,14.8,9,12,22,90,60,170,0,2,0,0,0,106,-1,244
"Noel Acciari","F","21-22","FLA",67,977,14.6,10,10,19,95,82,136,2,2,0,0,0,106,-1,245
"Michal Kempny","D","21-22","WSH",61,1079,17.7,3,12,16,77,92,54,0,0,0,0,0,74,-2,127
"Zach Whitecloud","D","21-22","VGK",65,1135,17.4,2,12,14,75,86,118,0,1,0,0,0,74,-2,128
"Troy Stecher","D","21-22","DET",73,1234,17,3,15,18,93,61,58,0,0,0,0,0,75,-2,126
"Michael Del Zotto","D","21-22","OTT",64,1102,17.3,3,9,12,89,75,150,0,0,0,0,0,74,-2,129
"Vladislav Namestnikov","F","21-22","DET",73,1130,15.5,10,11,21,90,54,113,2,3,0,0,0,104,-3,249
"Jesper Fast","F","21-22","CAR",57,841,14.9,11,14,25,61,44,126,2,1,0,0,0,105,-3,246
"Will Butcher","D","21-22","BUF",56,1028,18.3,3,18,21,51,58,15,5,0,0,0,0,74,-3,130
"Alex Nylander","F","21-22","CHI",66,852,13,12,16,28,115,12,20,2,0,0,0,0,104,-3,248
"Nick Cousins","F","21-22","NSH",70,949,13.5,10,15,26,101,25,87,3,0,0,0,0,104,-3,247
"Ryan Getzlaf","F","21-22","ANA",63,968,15.5,8,15,23,94,63,105,4,0,0,0,0,104,-3,250
"Nico Sturm","F","21-22","MIN",57,709,12.6,12,15,26,83,34,63,0,1,0,0,0,103,-4,251
"Alexandar Georgiev","G","21-22","NYR",0,0,0,0,0,0,0,0,0,0,0,19,798,106,147,-5,44
"Tyler Seguin","F","21-22","DAL",61,1054,17.3,9,16,25,106,25,39,8,0,0,0,0,102,-5,252
"Patrik Nemeth","D","21-22","NYR",68,1235,18.1,3,8,11,79,107,116,0,1,0,0,0,72,-5,132
"Adam Erne","F","21-22","DET",67,897,13.4,11,11,22,87,27,138,5,0,0,0,0,102,-5,253
"Ian Cole","D","21-22","CAR",56,883,15.7,3,11,14,57,118,62,0,0,0,0,0,72,-5,131
"Joel Armia","F","21-22","MTL",66,951,14.5,10,9,19,121,24,150,2,3,0,0,0,101,-6,257
"Radek Faksa","F","21-22","DAL",81,1287,16,9,8,17,111,69,126,4,2,0,0,0,101,-6,256
"Ilya Mikheyev","F","21-22","TOR",75,1035,13.9,10,14,23,139,39,59,0,2,0,0,0,101,-6,255
"Victor Rask","F","21-22","MIN",69,936,13.7,12,14,26,85,12,17,7,0,0,0,0,101,-6,258
"Eric Robinson","F","21-22","CBJ",73,918,12.6,10,14,24,101,24,119,0,1,0,0,0,102,-6,254
"Derek Forbort","D","21-22","BOS",82,1543,18.9,1,7,9,67,139,106,1,1,0,0,0,71,-6,133
"Nicolas Roy","F","21-22","VGK",66,879,13.4,11,14,25,86,32,73,1,1,0,0,0,100,-7,261
"Ryan Dzingel","F","21-22","ARI",69,921,13.4,10,17,27,89,17,52,4,0,0,0,0,100,-7,259
"Ryan Murray","D","21-22","COL",58,1072,18.5,2,16,19,35,91,36,0,0,0,0,0,70,-7,134
"Vladimir Tarasenko","F","21-22","STL",52,824,15.8,9,15,24,116,21,40,10,0,0,0,0,100,-7,262
"William Carrier","F","21-22","VGK",69,725,10.6,9,10,20,90,8,268,0,0,0,0,0,100,-7,260
"Petr Mrazek","G","21-22","TOR",0,0,0,0,0,0,0,0,0,0,0,16,886,113,145,-8,45
"Josh Archibald","F","21-22","EDM",64,813,12.7,9,7,16,73,48,280,0,2,0,0,0,100,-8,263
"Daniel Sprong","F","21-22","WSH",50,633,12.5,13,12,26,105,4,26,2,0,0,0,0,99,-8,264
"Danton Heinen","F","21-22","PIT",69,964,14.1,9,14,23,108,46,43,2,1,0,0,0,98,-9,266
"Dylan Demelo","D","21-22","WPG",61,1071,17.6,1,13,14,63,82,110,0,1,0,0,0,68,-9,135
"Nick Jensen","D","21-22","WSH",73,1199,16.5,2,13,15,77,70,69,0,1,0,0,0,68,-9,136
"Eric Staal","F","21-22","-",63,860,13.8,11,15,26,102,19,5,6,0,0,0,0,98,-9,265
"Philipp Kurashev","F","21-22","CHI",72,1021,14.3,11,13,23,96,24,38,6,0,0,0,0,97,-10,267
"Derick Brassard","F","21-22","PHI",61,814,13.3,9,16,24,80,7,104,7,0,0,0,0,97,-10,268
"Alex Radulov","F","21-22","DAL",47,759,16,8,16,23,95,23,12,15,0,0,0,0,97,-11,269
"Hampus Lindholm","D","21-22","ANA",55,1168,21.3,2,14,15,73,73,24,3,1,0,0,0,66,-11,137
"Dominik Kahun","F","21-22","-",63,828,13.2,12,16,27,89,16,5,0,0,0,0,0,96,-11,270
"Travis Hamonic","D","21-22","VAN",68,1251,18.3,2,5,8,92,123,61,0,1,0,0,0,66,-11,138
"Jonathan Quick","G","21-22","L.A",0,0,0,0,0,0,0,0,0,0,0,12,880,93,142,-11,46
"Joonas Korpisalo","G","21-22","CBJ",0,0,0,0,0,0,0,0,0,0,0,14,709,73,141,-12,47
"Carl Soderberg","F","21-22","-",61,807,13.2,9,12,20,96,50,81,4,1,0,0,0,96,-12,271
"Jordan Oesterle","D","21-22","DET",62,1094,17.6,2,9,11,52,105,56,4,0,0,0,0,65,-12,139
"Colton Sissons","F","21-22","NSH",69,956,13.9,10,10,20,71,46,101,0,2,0,0,0,94,-13,272
"Haydn Fleury","D","21-22","SEA",52,774,14.9,3,7,10,85,75,88,1,0,0,0,0,64,-13,141
"Jani Hakanpaa","D","21-22","DAL",62,1013,16.3,1,3,3,55,103,259,0,1,0,0,0,64,-13,140
"Casey Cizikas","F","21-22","NYI",75,974,13.1,10,8,18,68,49,155,0,3,0,0,0,94,-14,273
"Ross Colton","F","21-22","T.B",72,932,13,11,12,24,88,13,66,1,0,0,0,0,94,-14,274
"Brayden McNabb","D","21-22","VGK",70,1278,18.3,1,5,6,51,106,179,0,1,0,0,0,63,-14,142
"Erik Haula","F","21-22","BOS",69,996,14.5,9,12,20,80,34,77,5,2,0,0,0,92,-15,275
"Zach Aston-Reese","F","21-22","PIT",69,979,14.3,9,9,17,99,41,141,0,2,0,0,0,92,-15,277
"Jamie Drysdale","D","21-22","ANA",49,888,18.2,4,10,14,63,43,16,5,0,0,0,0,61,-15,144
"Wyatt Kalynuk","D","21-22","CHI",41,664,16.2,4,12,16,52,43,38,2,0,0,0,0,61,-15,143
"Jake Virtanen","F","21-22","-",58,712,12.3,10,7,17,116,16,148,3,0,0,0,0,92,-15,276
"Tyler Pitlick","F","21-22","CGY",63,882,14.1,8,9,16,91,58,135,3,2,0,0,0,91,-16,278
"Marco Scandella","D","21-22","STL",64,1153,18.1,3,7,10,67,83,70,0,1,0,0,0,60,-16,147
"Travis Dermott","D","21-22","TOR",62,998,16,3,9,12,72,56,78,1,0,0,0,0,61,-16,145
"Jeremy Lauzon","D","21-22","SEA",52,921,17.8,2,7,9,59,73,141,0,1,0,0,0,60,-16,148
"Jake Bean","D","21-22","CBJ",67,1116,16.7,2,12,14,93,35,26,4,0,0,0,0,61,-16,146
"Oskar Lindblom","F","21-22","PHI",57,761,13.5,11,9,20,91,33,50,2,1,0,0,0,90,-17,279
"Brendan Smith","D","21-22","CAR",53,793,14.9,4,8,12,73,38,95,0,0,0,0,0,59,-17,150
"Calvin De Haan","D","21-22","CHI",59,1053,17.8,1,6,7,73,101,130,0,0,0,0,0,60,-17,149
"Jake Gardiner","D","21-22","CAR",44,716,16.1,3,15,17,39,28,20,5,0,0,0,0,58,-18,151
"Kevin Stenlund","F","21-22","CBJ",72,1014,14.2,11,12,23,73,20,42,4,0,0,0,0,90,-18,280
"Mark Pysyk","D","21-22","BUF",40,517,12.9,6,6,12,70,30,48,0,0,0,0,0,57,-19,153
"Jake McCabe","D","21-22","CHI",50,882,17.5,3,9,12,49,66,74,0,1,0,0,0,58,-19,152
"Sam Steel","F","21-22","ANA",67,950,14.2,9,13,22,72,28,56,5,0,0,0,0,88,-19,282
"Mathieu Perreault","F","21-22","MTL",67,753,11.2,9,14,23,70,9,93,3,0,0,0,0,88,-19,281
"Carl Grundstrom","F","21-22","L.A",60,767,12.9,8,10,18,86,25,144,3,0,0,0,0,88,-19,283
"Justin Braun","D","21-22","PHI",62,1059,17,0,8,8,70,94,100,0,1,0,0,0,57,-19,154
"James Reimer","G","21-22","S.J",0,0,0,0,0,0,0,0,0,0,0,19,646,92,133,-20,48
"Dylan Gambrell","F","21-22","S.J",75,1105,14.8,7,8,16,61,82,118,1,2,0,0,0,87,-20,287
"Kirby Dach","F","21-22","CHI",63,1075,17.2,8,12,20,91,25,27,10,1,0,0,0,88,-20,284
"Michael McLeod","F","21-22","N.J",58,790,13.6,10,9,19,76,27,112,1,1,0,0,0,87,-20,285
"Christian Fischer","F","21-22","ARI",66,831,12.7,7,8,15,86,39,196,1,1,0,0,0,87,-20,286
"Ivan Barbashev","F","21-22","STL",75,1054,14.1,9,9,18,63,37,111,0,3,0,0,0,86,-21,289
"Johan Larsson","F","21-22","ARI",66,871,13.3,8,10,18,77,45,116,0,1,0,0,0,86,-21,291
"Nic Dowd","F","21-22","WSH",67,866,12.9,9,7,16,61,47,150,0,1,0,0,0,86,-21,295
"Alex Chiasson","F","21-22","-",55,671,12.2,9,10,19,71,7,49,13,0,0,0,0,86,-21,293
"Adam Gaudette","F","21-22","CHI",52,626,12,9,13,22,83,18,17,5,0,0,0,0,86,-21,292
"Victor Mete","D","21-22","OTT",43,705,16.4,3,9,12,54,68,41,1,0,0,0,0,56,-21,155
"Brett Connolly","F","21-22","CHI",50,647,12.8,11,11,22,73,8,51,0,0,0,0,0,86,-21,294
"Andreas Johnsson","F","21-22","N.J",60,782,13.1,9,12,21,84,26,52,4,0,0,0,0,86,-21,288
"Trevor Zegras","F","21-22","ANA",63,932,14.9,9,13,22,98,17,20,5,0,0,0,0,86,-21,290
"Ben Hutton","D","21-22","-",52,886,17.1,2,8,10,84,66,49,0,0,0,0,0,56,-21,156
"Erik Gudbranson","D","21-22","-",59,991,16.7,1,3,4,74,77,165,0,1,0,0,0,55,-21,158
"Nikolai Knyzhov","D","21-22","S.J",64,1076,16.9,1,8,9,72,67,102,1,0,0,0,0,56,-21,157
"Casey Desmith","G","21-22","PIT",0,0,0,0,0,0,0,0,0,0,0,18,666,94,130,-22,49
"Dylan Cozens","F","21-22","BUF",67,974,14.5,9,11,20,106,20,40,4,0,0,0,0,86,-22,296
"Riley Stillman","D","21-22","CHI",49,811,16.6,2,7,9,57,60,112,1,0,0,0,0,55,-22,159
"Connor Clifton","D","21-22","BOS",58,981,17,1,5,7,55,71,160,0,0,0,0,0,55,-22,160
"Blake Lizotte","F","21-22","L.A",66,883,13.5,9,11,19,88,32,55,2,1,0,0,0,84,-23,299
"Jason Spezza","F","21-22","TOR",66,793,12.1,9,15,24,74,6,13,4,0,0,0,0,84,-23,298
"Rocco Grimaldi","F","21-22","NSH",61,756,12.4,11,12,23,91,12,16,0,0,0,0,0,85,-23,297
"Zdeno Chara","D","21-22","-",71,1231,17.3,1,5,6,73,88,107,0,1,0,0,0,53,-23,161
"Jonas Siegenthaler","D","21-22","N.J",52,850,16.4,3,8,11,48,56,64,0,1,0,0,0,52,-24,164
"Tomas Nosek","F","21-22","BOS",70,940,13.4,9,9,18,80,35,82,0,1,0,0,0,83,-24,300
"Alex Galchenyuk","F","21-22","-",58,750,12.9,8,12,21,88,13,57,4,0,0,0,0,83,-24,301
"Danny Dekeyser","D","21-22","DET",56,1030,18.3,2,7,10,48,80,45,0,0,0,0,0,52,-24,163
"Tucker Poolman","D","21-22","VAN",56,965,17.1,2,5,7,64,73,112,0,0,0,0,0,52,-24,162
"Jake Allen","G","21-22","MTL",0,0,0,0,0,0,0,0,0,0,0,14,804,104,127,-25,51
"Joe Thornton","F","21-22","FLA",44,554,12.5,7,20,26,51,6,15,6,0,0,0,0,82,-25,302
"Olli Maatta","D","21-22","L.A",49,808,16.5,1,7,8,51,81,80,0,1,0,0,0,51,-25,167
"Michael Hutchinson","G","21-22","TOR",0,0,0,0,0,0,0,0,0,0,0,7,735,52,128,-25,50
"Dmitry Kulikov","D","21-22","MIN",55,949,17.3,1,5,6,72,76,118,0,0,0,0,0,52,-25,165
"Ilya Lyubushkin","D","21-22","ARI",50,786,15.6,1,4,5,43,77,179,0,0,0,0,0,52,-25,166
"Brock McGinn","F","21-22","PIT",79,1109,14,8,11,18,89,28,81,0,2,0,0,0,81,-26,303
"Jaret Anderson-Dolan","F","21-22","L.A",43,594,13.8,10,10,20,51,26,65,2,1,0,0,0,81,-26,304
"Sami Vatanen","D","21-22","-",53,918,17.2,1,7,7,84,70,34,2,1,0,0,0,50,-26,170
"Marc Staal","D","21-22","DET",70,1198,17.2,2,6,8,56,72,71,0,1,0,0,0,50,-26,169
"Robert Hagg","D","21-22","BUF",47,743,15.7,1,5,6,31,72,160,0,0,0,0,0,50,-26,168
"Ian Mitchell","D","21-22","CHI",46,737,16.1,4,8,12,32,49,26,0,0,0,0,0,49,-27,173
"Jacob Larsson","D","21-22","ANA",55,940,17.1,1,7,9,50,77,47,1,1,0,0,0,50,-27,171
"Jack Rathbone","D","21-22","VAN",40,622,15.6,2,8,11,59,35,43,3,0,0,0,0,49,-27,172
"Mikko Koskinen","G","21-22","EDM",0,0,0,0,0,0,0,0,0,0,0,15,727,97,124,-28,52
"Oskar Sundqvist","F","21-22","STL",50,732,14.5,7,11,18,65,41,84,2,2,0,0,0,79,-28,306
"Patrick Maroon","F","21-22","T.B",61,717,11.7,7,14,21,54,4,103,4,0,0,0,0,79,-28,307
"Austin Wagner","F","21-22","L.A",63,715,11.4,8,7,15,103,11,151,0,0,0,0,0,79,-28,305
"Markus Nutivaara","D","21-22","FLA",49,782,16,1,11,13,56,35,49,0,0,0,0,0,48,-28,174
"Radim Simek","D","21-22","S.J",40,620,15.5,2,6,8,40,58,115,0,0,0,0,0,48,-28,175
"Travis Zajac","F","21-22","-",61,920,15.1,8,12,20,52,33,53,0,2,0,0,0,78,-29,308
"Curtis Lazar","F","21-22","BOS",60,772,13,7,9,16,78,33,131,0,2,0,0,0,78,-29,309
"Anton Stralman","D","21-22","ARI",58,1034,17.9,2,8,9,55,61,45,0,0,0,0,0,47,-29,176
"Marcus Johansson","F","21-22","SEA",63,908,14.5,8,12,20,60,23,16,6,1,0,0,0,77,-30,311
"Cody Glass","F","21-22","NSH",50,705,14,8,11,19,66,15,19,10,0,0,0,0,77,-30,310
"Brendan Lemieux","F","21-22","L.A",69,775,11.3,6,7,13,71,44,183,1,0,0,0,0,77,-30,312
"Brett Kulak","D","21-22","MTL",50,837,16.6,1,5,6,88,63,54,0,0,0,0,0,46,-30,177
"Jaroslav Halak","G","21-22","VAN",0,0,0,0,0,0,0,0,0,0,0,16,632,84,121,-31,53
"Brett Howden","F","21-22","VGK",63,830,13.3,6,10,16,52,62,84,2,2,0,0,0,77,-31,313
"Zemgus Girgensons","F","21-22","BUF",67,861,12.8,7,8,15,76,26,128,0,2,0,0,0,76,-31,315
"Matt Benning","D","21-22","NSH",50,765,15.2,1,5,6,57,63,80,0,1,0,0,0,45,-31,179
"Emil Bemstrom","F","21-22","CBJ",43,538,12.5,9,10,18,86,15,35,3,0,0,0,0,76,-31,316
"Sammy Blais","F","21-22","NYR",46,570,12.4,8,10,18,40,10,144,0,0,0,0,0,76,-31,314
"Pierre-Olivier Joseph","D","21-22","PIT",39,649,16.6,2,8,10,63,38,37,1,0,0,0,0,45,-31,178
"Rasmus Sandin","D","21-22","TOR",38,580,15.3,2,8,10,48,32,48,4,0,0,0,0,45,-31,180
"Ville Husso","G","21-22","STL",0,0,0,0,0,0,0,0,0,0,0,11,557,48,121,-32,55
"Artyom Zagidulin","G","21-22","-",0,0,0,0,0,0,0,0,0,0,0,9,577,38,121,-32,56
"Laurent Brossoit","G","21-22","VGK",0,0,0,0,0,0,0,0,0,0,0,9,802,86,121,-32,54
"Nikita Gusev","F","21-22","-",61,809,13.3,7,10,16,131,8,0,7,0,0,0,0,75,-32,318
"Trent Frederic","F","21-22","BOS",57,650,11.5,8,9,17,75,24,97,1,0,0,0,0,75,-32,319
"Tage Thompson","F","21-22","BUF",53,696,13,8,8,17,120,10,30,3,0,0,0,0,75,-32,317
"Marc-Edouard Vlasic","D","21-22","S.J",61,1005,16.5,0,9,10,39,74,36,0,1,0,0,0,45,-32,181
"Jakub Zboril","D","21-22","BOS",53,913,17.1,1,7,8,42,42,83,2,0,0,0,0,44,-32,183
"Andy Greene","D","21-22","NYI",58,924,16,0,6,6,48,112,23,0,0,0,0,0,44,-32,182
"Tyler Bozak","F","21-22","-",47,645,13.6,7,13,21,49,28,11,2,2,0,0,0,75,-33,321
"Jacob Bryson","D","21-22","BUF",52,914,17.6,1,9,9,39,59,41,0,1,0,0,0,43,-33,184
"Anders Bjork","F","21-22","BUF",53,673,12.6,8,11,19,49,24,72,1,1,0,0,0,74,-33,322
"Luke Glendening","F","21-22","DAL",73,994,13.6,5,6,11,63,84,136,0,1,0,0,0,75,-33,320
"Sean Kuraly","F","21-22","CBJ",69,900,13.1,5,7,12,112,34,152,0,2,0,0,0,74,-33,325
"Corey Perry","F","21-22","T.B",52,614,11.8,7,11,18,64,14,48,7,0,0,0,0,74,-33,324
"Caleb Jones","D","21-22","CHI",37,530,14.3,3,8,10,29,42,40,1,0,0,0,0,43,-33,185
"Nicolas Aube-Kubel","F","21-22","PHI",66,769,11.7,7,8,15,65,16,169,0,0,0,0,0,74,-33,323
"Carl Hagelin","F","21-22","WSH",64,845,13.2,7,11,18,97,24,17,0,2,0,0,0,73,-34,327
"Tyler Motte","F","21-22","VAN",53,729,13.6,6,6,12,48,47,177,0,1,0,0,0,73,-34,326
"Tobias Bjornfot","D","21-22","L.A",41,702,17.1,2,7,9,45,49,31,0,0,0,0,0,43,-34,186
"Dylan Coghlan","D","21-22","VGK",37,542,14.7,2,8,10,47,28,40,1,0,0,0,0,42,-34,187
"Joey Daccord","G","21-22","SEA",0,0,0,0,0,0,0,0,0,0,0,8,591,42,117,-35,57
"Anthony Stolarz","G","21-22","ANA",0,0,0,0,0,0,0,0,0,0,0,9,659,58,117,-35,58
"Josh Manson","D","21-22","ANA",47,840,17.7,1,5,6,28,51,130,0,1,0,0,0,41,-35,190
"Calen Addison","D","21-22","MIN",35,606,17.3,2,5,7,53,36,20,7,0,0,0,0,42,-35,188
"Evan Bouchard","D","21-22","EDM",38,597,15.5,2,6,9,76,22,18,2,0,0,0,0,41,-35,192
"Bowen Byram","D","21-22","COL",36,587,16.3,2,6,8,45,39,60,1,0,0,0,0,42,-35,189
"Yakov Trenin","F","21-22","NSH",58,668,11.5,7,7,14,88,19,125,0,0,0,0,0,72,-35,328
"Libor Hajek","D","21-22","NYR",39,610,15.6,2,5,7,38,68,36,1,0,0,0,0,41,-35,191
"Matt Murray","G","21-22","OTT",0,0,0,0,0,0,0,0,0,0,0,14,561,67,116,-36,59
"Kevin Rooney","F","21-22","NYR",64,781,12.2,6,6,12,68,44,140,0,2,0,0,0,71,-36,331
"Nick Bjugstad","F","21-22","MIN",44,532,12,7,10,17,87,15,50,1,0,0,0,0,71,-36,330
"Vinnie Hinostroza","F","21-22","BUF",66,851,13,6,13,19,90,13,58,0,0,0,0,0,71,-36,329
"Joey Keane","D","21-22","CAR",36,754,21,1,5,6,53,36,32,7,0,0,0,0,41,-36,193
"Isac Lundestrom","F","21-22","ANA",57,822,14.5,8,9,17,71,33,17,1,1,0,0,0,71,-37,332
"Jordan Martinook","F","21-22","CAR",72,929,13,6,7,13,75,32,132,0,1,0,0,0,70,-37,334
"Pierre Engvall","F","21-22","TOR",57,710,12.6,8,8,16,87,16,50,1,1,0,0,0,70,-37,333
"Dennis Cholowski","D","21-22","SEA",35,582,16.6,2,5,7,35,40,8,6,0,0,0,0,39,-37,196
"Mark Borowiecki","D","21-22","NSH",29,404,13.9,2,3,4,20,52,135,0,0,0,0,0,39,-37,195
"Kris Russell","D","21-22","EDM",50,863,17.1,0,5,5,33,90,56,0,1,0,0,0,39,-37,194
"Nicolas Beaudin","D","21-22","CHI",37,586,15.8,2,6,9,36,35,13,2,0,0,0,0,39,-38,198
"Josh Brown","D","21-22","OTT",38,545,14.3,1,3,5,25,51,118,0,1,0,0,0,38,-38,199
"Victor Soderstrom","D","21-22","ARI",37,592,16,2,6,8,41,36,36,3,0,0,0,0,39,-38,197
"Richard Panik","F","21-22","NYI",58,688,11.9,6,11,16,70,24,97,0,0,0,0,0,69,-38,335
"Keegan Kolesar","F","21-22","VGK",52,614,11.8,6,9,15,65,13,136,0,0,0,0,0,69,-38,336
"Cam York","D","21-22","PHI",37,655,17.7,1,5,6,51,37,35,5,0,0,0,0,38,-38,200
"Christian Djoos","D","21-22","-",43,682,15.9,0,7,7,54,35,0,8,0,0,0,0,38,-38,201
"Derek Grant","F","21-22","ANA",57,750,13.3,6,7,13,60,44,85,0,3,0,0,0,68,-39,338
"Jimmy Vesey","F","21-22","-",69,829,12.1,6,9,16,85,25,51,0,1,0,0,0,68,-39,337
"Nathan Bastian","F","21-22","SEA",55,688,12.5,5,5,10,62,36,191,1,1,0,0,0,68,-39,339
"David Farrance","D","21-22","NSH",36,561,15.6,1,5,6,52,36,35,4,0,0,0,0,37,-39,202
"Cal Foote","D","21-22","T.B",47,684,14.4,2,5,7,48,32,54,0,0,0,0,0,37,-39,203
"Braden Holtby","G","21-22","DAL",0,0,0,0,0,0,0,0,0,0,0,14,806,119,113,-40,60
"Austin Watson","F","21-22","OTT",49,557,11.4,5,7,11,45,56,147,0,2,0,0,0,67,-40,340
"Mattias Samuelsson","D","21-22","BUF",37,599,16.2,2,5,7,31,42,54,0,0,0,0,0,37,-40,205
"Nick Holden","D","21-22","OTT",38,585,15.4,1,4,5,49,41,74,0,0,0,0,0,36,-40,206
"Jacob MacDonald","D","21-22","COL",46,694,15.1,1,7,7,64,36,33,0,0,0,0,0,37,-40,204
"Pekka Rinne","G","21-22","-",0,0,0,0,0,0,0,0,0,0,0,11,547,54,111,-41,61
"Jake Evans","F","21-22","MTL",60,715,12,5,8,12,70,36,109,1,2,0,0,0,66,-41,341
"Brad Hunt","D","21-22","VAN",32,444,13.9,3,5,8,44,19,0,3,0,0,0,0,35,-41,208
"Derek Stepan","F","21-22","CAR",66,918,14,4,6,10,114,42,47,6,1,0,0,0,66,-41,342
"Zac Jones","D","21-22","NYR",40,595,14.9,2,5,7,45,33,33,1,0,0,0,0,35,-41,207
"Michael Bunting","F","21-22","TOR",38,528,13.7,8,8,16,61,3,30,4,0,0,0,0,66,-42,343
"Alex Volkov","F","21-22","ANA",49,570,11.6,7,9,16,45,32,45,0,0,0,0,0,65,-42,345
"Bobby Ryan","F","21-22","-",57,731,12.9,5,10,15,82,19,32,7,0,0,0,0,65,-42,344
"Simon Benoit","D","21-22","-",36,595,16.5,2,5,6,27,39,64,0,0,0,0,0,35,-42,209
"Alex Carrier","D","21-22","NSH",39,671,17.2,1,5,6,41,54,35,0,0,0,0,0,35,-42,210
"Erik Johnson","D","21-22","COL",37,580,15.7,0,6,6,42,50,43,0,0,0,0,0,34,-42,212
"Logan Stanley","D","21-22","WPG",47,671,14.2,0,3,4,77,31,76,0,0,0,0,0,34,-42,211
"Matiss Kivlenieks","G","21-22","-",0,0,0,0,0,0,0,0,0,0,0,10,579,58,110,-43,62
"Logan Thompson","G","21-22","VGK",0,0,0,0,0,0,0,0,0,0,0,9,505,35,109,-43,63
"Paul Byron","F","21-22","MTL",46,578,12.6,6,8,14,34,27,128,0,2,0,0,0,64,-43,348
"Urho Vaakanainen","D","21-22","BOS",38,660,17.4,2,5,7,25,41,25,0,0,0,0,0,34,-43,216
"Andrej Sekera","D","21-22","DAL",39,595,15.3,2,3,4,30,62,45,0,0,0,0,0,34,-43,215
"Mikhail Maltsev","F","21-22","COL",52,630,12.1,7,8,15,93,8,35,0,0,0,0,0,64,-43,346
"Kevin Bahl","D","21-22","N.J",38,616,16.2,2,5,7,21,39,50,0,0,0,0,0,34,-43,214
"Wayne Simmonds","F","21-22","TOR",50,561,11.1,5,6,12,88,14,102,4,0,0,0,0,64,-43,347
"Gustav Lindstrom","D","21-22","DET",40,649,16.2,2,5,7,26,43,38,1,0,0,0,0,34,-43,213
"Kevan Miller","D","21-22","-",38,640,16.8,0,2,2,25,66,110,0,0,0,0,0,33,-43,217
"Derek Ryan","F","21-22","EDM",67,804,12,5,12,18,63,27,8,0,1,0,0,0,63,-44,350
"John Leonard","F","21-22","S.J",53,647,12.1,6,9,15,85,17,29,1,0,0,0,0,63,-44,351
"Conor Timmins","D","21-22","ARI",46,691,15,1,7,8,48,23,20,0,0,0,0,0,32,-44,219
"Jason Demers","D","21-22","-",50,820,16.3,0,4,4,50,43,90,0,0,0,0,0,33,-44,218
"Matt Martin","F","21-22","NYI",61,639,10.5,3,5,9,64,23,250,0,0,0,0,0,64,-44,349
"Rasmus Asplund","F","21-22","BUF",44,566,12.7,8,8,17,45,12,23,0,1,0,0,0,62,-45,352
"Ville Heinola","D","21-22","WPG",38,636,16.7,2,5,6,47,32,8,1,0,0,0,0,32,-45,220
"Nikita Nesterov","D","21-22","-",43,667,15.5,1,4,5,37,39,69,0,0,0,0,0,31,-45,221
"Jan Rutta","D","21-22","T.B",44,691,15.6,0,5,5,49,41,35,0,2,0,0,0,30,-46,224
"Tanner Jeannot","F","21-22","NSH",38,468,12.2,7,7,14,41,13,84,0,1,0,0,0,61,-46,355
"David Kampf","F","21-22","TOR",79,1100,13.9,5,8,13,84,31,58,0,1,0,0,0,61,-46,354
"Evan Rodrigues","F","21-22","PIT",52,695,13.4,7,9,16,77,14,9,2,0,0,0,0,62,-46,353
"Alec Regula","D","21-22","CHI",29,427,14.7,2,5,7,30,26,36,1,0,0,0,0,30,-46,222
"Jon Merrill","D","21-22","MIN",38,610,15.9,0,3,3,34,70,40,0,0,0,0,0,30,-46,223
"Timothy Liljegren","D","21-22","TOR",33,520,15.7,2,4,6,24,36,23,0,1,0,0,0,30,-47,226
"Cedric Paquette","F","21-22","MTL",53,539,10.1,5,4,9,32,35,186,0,0,0,0,0,60,-47,356
"Egor Zamula","D","21-22","-",35,578,16.5,2,5,6,30,33,22,0,0,0,0,0,29,-47,227
"Michael Stone","D","21-22","-",37,566,15.3,1,3,4,52,42,26,0,0,0,0,0,29,-47,228
"Juuso Riikola","D","21-22","PIT",14,193,13.8,0,5,5,41,19,39,4,0,0,0,0,30,-47,225
"Alex Formenton","F","21-22","OTT",44,534,12.1,7,8,15,37,20,34,0,2,0,0,0,60,-48,357
"David Rittich","G","21-22","NSH",0,0,0,0,0,0,0,0,0,0,0,10,689,85,104,-48,64
"Cal Clutterbuck","F","21-22","NYI",55,656,11.9,3,5,8,46,37,219,0,2,0,0,0,59,-48,359
"Michael Raffl","F","21-22","DAL",64,805,12.6,5,6,11,59,39,95,0,1,0,0,0,59,-48,360
"Ty Dellandrea","F","21-22","DAL",40,501,12.5,5,7,12,56,17,77,4,0,0,0,0,60,-48,358
"Joel Kiviranta","F","21-22","DAL",52,650,12.5,6,9,15,49,16,62,1,0,0,0,0,59,-48,361
"Kale Clague","D","21-22","L.A",35,544,15.5,0,6,7,37,34,11,1,0,0,0,0,29,-48,229
"Jordie Benn","D","21-22","MIN",38,577,15,0,5,5,42,47,19,0,0,0,0,0,29,-48,230
"Brandon Sutter","F","21-22","VAN",63,878,14,7,6,12,61,38,15,0,1,0,0,0,58,-49,363
"Blake Comeau","F","21-22","DAL",57,735,13,4,6,10,70,19,137,0,2,0,0,0,58,-49,366
"Mikhail Grigorenko","F","21-22","-",46,603,13.1,6,11,17,40,23,2,1,0,0,0,0,59,-49,362
"Jesper Boqvist","F","21-22","N.J",46,564,12.3,7,8,15,54,11,31,1,0,0,0,0,58,-49,365
"Josh Leivo","F","21-22","CAR",44,495,11.1,8,7,14,71,0,29,0,0,0,0,0,58,-49,367
"Tyler Ennis","F","21-22","-",50,604,12,6,8,14,72,9,57,1,0,0,0,0,58,-49,364
"Olli Juolevi","D","21-22","VAN",36,513,14.3,1,4,5,28,44,39,0,0,0,0,0,28,-49,231
"Luke Schenn","D","21-22","VAN",33,415,12.6,1,2,3,43,23,97,0,0,0,0,0,27,-49,233
"Robert Bortuzzo","D","21-22","STL",38,536,13.9,0,2,2,24,49,106,0,0,0,0,0,28,-49,232
"Zach Bogosian","D","21-22","T.B",40,572,14.3,0,4,4,31,42,60,0,0,0,0,0,27,-49,234
"Colton Sceviour","F","21-22","-",50,552,10.9,5,5,10,68,44,88,0,1,0,0,0,57,-50,369
"Andrew Cogliano","F","21-22","S.J",76,893,11.7,3,7,11,95,27,91,0,1,0,0,0,58,-50,368
"Kurtis MacDermid","D","21-22","COL",30,417,13.9,1,2,3,21,50,70,0,0,0,0,0,27,-50,235
"Jack Ahcan","D","21-22","BOS",32,594,18.6,0,3,4,37,45,7,4,0,0,0,0,27,-50,237
"Ben Harpur","D","21-22","NSH",38,615,16,0,3,3,29,47,62,0,0,0,0,0,27,-50,236
"Lucas Wallmark","F","21-22","-",40,477,11.9,5,8,14,46,16,49,1,1,0,0,0,56,-51,370
"Andrew Shaw","F","21-22","CHI",37,505,13.6,3,7,10,57,12,54,11,1,0,0,0,56,-51,371
"Jack Johnson","D","21-22","COL",46,738,16.1,0,1,1,14,49,101,0,1,0,0,0,26,-51,240
"Jacob Bernard-Docker","D","21-22","OTT",37,549,14.8,1,4,5,19,29,39,0,0,0,0,0,25,-51,241
"Nathan Beaulieu","D","21-22","WPG",28,460,16.4,1,2,2,25,51,52,0,0,0,0,0,25,-51,242
"Dean Kukan","D","21-22","CBJ",33,480,14.6,0,3,4,35,47,40,0,0,0,0,0,26,-51,238
"Jake Walman","D","21-22","STL",41,584,14.3,0,3,3,54,39,35,0,0,0,0,0,26,-51,239
"Sam Gagner","F","21-22","DET",44,590,13.3,6,5,12,94,17,0,3,0,0,0,0,55,-52,373
"Cole Caufield","F","21-22","MTL",43,551,12.8,7,6,13,57,10,33,2,0,0,0,0,55,-52,372
"Niklas Hjalmarsson","D","21-22","-",40,653,16.3,0,2,2,19,76,8,0,1,0,0,0,24,-52,245
"Niko Mikkola","D","21-22","STL",34,482,14.2,0,3,3,17,48,62,0,1,0,0,0,25,-52,243
"Connor MacKey","D","21-22","CGY",25,357,14.3,1,4,5,29,31,24,0,0,0,0,0,24,-52,246
"Matt Irwin","D","21-22","WSH",23,332,14.4,0,2,2,32,47,60,0,0,0,0,0,25,-52,244
"Noah Gregor","F","21-22","S.J",46,526,11.4,5,4,10,82,20,75,1,0,0,0,0,54,-53,374
"Jarred Tinordi","D","21-22","NYR",25,401,16,0,2,2,27,41,64,0,1,0,0,0,24,-53,248
"Kyle Capobianco","D","21-22","ARI",26,375,14.4,0,3,3,38,30,7,5,0,0,0,0,23,-53,250
"Madison Bowey","D","21-22","VAN",25,360,14.4,1,4,5,24,31,35,0,0,0,0,0,24,-53,247
"Andrew Peeke","D","21-22","CBJ",33,487,14.8,0,2,3,13,37,76,0,0,0,0,0,23,-53,249
"Wade Allison","F","21-22","PHI",39,495,12.7,6,7,13,42,14,48,2,0,0,0,0,53,-54,375
"Braydon Coburn","D","21-22","-",27,408,15.1,0,3,3,23,37,50,0,1,0,0,0,23,-54,252
"Scott Harrington","D","21-22","CBJ",27,405,15,0,3,3,19,46,22,0,0,0,0,0,22,-54,254
"Josh Mahura","D","21-22","ANA",33,496,15,1,3,5,27,31,15,0,0,0,0,0,23,-54,251
"Joel Hanley","D","21-22","DAL",36,511,14.2,0,4,4,24,32,29,0,0,0,0,0,22,-54,255
"Anthony Bitetto","D","21-22","NYR",29,419,14.5,0,3,3,20,36,67,0,0,0,0,0,22,-54,253
"Pierre-Edouard Bellemare","F","21-22","T.B",58,634,10.9,6,4,10,63,38,23,0,2,0,0,0,53,-55,376
"Mark Jankowski","F","21-22","-",49,581,11.9,5,8,13,29,35,32,0,1,0,0,0,53,-55,377
"Kyle Okposo","F","21-22","BUF",44,574,12.9,4,8,12,62,19,44,0,2,0,0,0,52,-55,378
"John Moore","D","21-22","BOS",28,497,17.7,0,2,2,22,47,21,1,1,0,0,0,21,-55,257
"Nicolas Deslauriers","F","21-22","ANA",55,569,10.3,4,3,7,59,19,175,0,0,0,0,0,52,-55,379
"Trevor Van Riemsdyk","D","21-22","WSH",29,419,14.5,0,3,4,32,41,0,0,0,0,0,0,21,-55,258
"William Borgen","D","21-22","SEA",28,432,15.4,0,2,2,24,39,69,0,0,0,0,0,22,-55,256
"James Neal","F","21-22","-",44,521,11.8,5,5,10,72,5,34,5,0,0,0,0,51,-56,380
"Mark Friedman","D","21-22","PIT",25,338,13.5,1,2,4,24,22,24,0,0,0,0,0,20,-56,263
"Gabriel Carlsson","D","21-22","CBJ",32,486,15.2,1,4,5,20,34,7,0,0,0,0,0,21,-56,259
"Slater Koekkoek","D","21-22","EDM",26,377,14.5,0,3,3,27,41,15,0,0,0,0,0,21,-56,260
"Colton White","D","21-22","N.J",20,283,14.1,0,4,4,20,28,24,0,0,0,0,0,20,-56,261
"Thomas Hickey","D","21-22","NYI",28,467,16.7,0,4,4,19,38,22,0,0,0,0,0,20,-56,262
"Eetu Luostarinen","F","21-22","FLA",52,684,13.2,4,6,10,42,37,66,0,1,0,0,0,51,-57,381
"Devin Shore","F","21-22","EDM",38,437,11.4,5,5,10,24,33,94,0,1,0,0,0,50,-57,382
"Jujhar Khaira","F","21-22","CHI",50,606,12,4,3,7,35,28,173,0,1,0,0,0,50,-57,383
"Patrick Marleau","F","21-22","-",58,720,12.4,4,8,12,65,21,36,1,0,0,0,0,50,-57,384
"Oliver Kylington","D","21-22","CGY",30,416,13.9,1,2,3,27,22,27,0,0,0,0,0,20,-57,264
"Dennis Gilbert","D","21-22","COL",18,228,12.7,0,4,4,24,25,26,0,0,0,0,0,20,-57,265
"Jeremy Davies","D","21-22","NSH",37,546,14.8,0,3,3,33,29,22,0,0,0,0,0,20,-57,266
"Connor Carrick","D","21-22","SEA",21,323,15.4,0,3,3,22,38,22,0,0,0,0,0,19,-57,267
"Lias Andersson","F","21-22","L.A",43,515,12,6,6,12,40,17,31,0,0,0,0,0,49,-58,385
"Morgan Geekie","F","21-22","SEA",41,480,11.6,5,7,12,50,7,35,3,0,0,0,0,49,-58,386
"Carl Gunnarsson","D","21-22","-",22,312,14.2,0,3,3,14,40,18,0,1,0,0,0,18,-58,270
"Brady Keeper","D","21-22","VAN",18,253,14,0,3,3,31,11,21,3,0,0,0,0,18,-58,269
"Noah Juulsen","D","21-22","FLA",23,322,14,1,2,2,21,27,46,0,0,0,0,0,19,-58,268
"Drake Caggiula","F","21-22","BUF",43,488,11.4,5,4,9,54,10,87,0,1,0,0,0,48,-59,388
"Zack Kassian","F","21-22","EDM",42,467,11.1,4,5,9,39,3,151,0,0,0,0,0,48,-59,387
"Sami Niku","D","21-22","WPG",21,297,14.1,0,2,3,25,26,25,0,0,0,0,0,18,-59,273
"Tarmo Reunanen","D","21-22","NYR",26,375,14.4,0,3,3,21,26,21,0,0,0,0,0,18,-59,277
"Austin Strand","D","21-22","L.A",31,431,13.9,0,2,3,19,32,25,0,0,0,0,0,17,-59,280
"Chad Ruhwedel","D","21-22","PIT",29,416,14.3,0,1,1,27,33,50,0,0,0,0,0,18,-59,271
"Alex Biega","D","21-22","TOR",21,279,13.3,0,2,2,20,24,47,0,0,0,0,0,17,-59,278
"Xavier Ouellet","D","21-22","MTL",22,304,13.8,0,3,3,18,30,25,0,0,0,0,0,18,-59,274
"Christian Jaros","D","21-22","N.J",22,292,13.3,0,3,3,17,27,38,0,0,0,0,0,18,-59,276
"Mikko Lehtonen2","D","21-22","-",30,443,14.8,0,3,3,27,30,22,0,0,0,0,0,18,-59,272
"Joakim Ryan","D","21-22","-",23,331,14.4,0,3,3,22,31,19,0,0,0,0,0,17,-59,281
"Matt Tennyson","D","21-22","NSH",25,344,13.8,0,3,3,18,37,25,0,0,0,0,0,18,-59,275
"Steven Kampfer","D","21-22","-",26,386,14.9,0,1,1,32,42,16,0,0,0,0,0,17,-59,279
"Riley Sheahan","F","21-22","SEA",69,883,12.9,6,5,11,44,28,5,0,2,0,0,0,48,-60,390
"Valtteri Filppula","F","21-22","-",53,735,13.7,5,9,13,28,25,1,2,0,0,0,0,48,-60,389
"Barrett Hayton","F","21-22","ARI",39,438,11.2,4,6,9,63,5,39,6,0,0,0,0,47,-60,391
"Brinson Pasichnuk","D","21-22","S.J",22,303,13.8,0,3,3,21,22,22,0,0,0,0,0,16,-60,284
"Jacob Middleton","D","21-22","S.J",20,282,14.1,0,3,3,19,20,23,0,0,0,0,0,16,-60,282
"Andy Welinski","D","21-22","CGY",23,343,14.9,0,3,3,26,22,14,0,0,0,0,0,16,-60,283
"Nate Prosser","D","21-22","-",19,265,13.9,0,3,3,14,27,25,0,0,0,0,0,16,-60,285
"Ben Thomas","D","21-22","-",27,399,14.8,0,2,2,26,31,19,0,0,0,0,0,16,-60,286
"Arttu Ruotsalainen","F","21-22","BUF",36,449,12.5,6,5,11,51,9,23,1,0,0,0,0,46,-61,392
"Alex Barre-Boulet","F","21-22","T.B",42,535,12.7,3,6,9,63,16,21,6,0,0,0,0,46,-61,394
"Kyle Clifford","F","21-22","STL",61,618,10.1,4,3,7,73,14,106,0,0,0,0,0,46,-61,393
"Tyler Lewington","D","21-22","BOS",17,242,14.3,1,3,3,12,26,17,0,0,0,0,0,16,-61,287
"Otto Leskinen","D","21-22","MTL",29,573,19.7,0,2,2,20,27,12,0,0,0,0,0,15,-61,292
"Olle Alsing","D","21-22","OTT",19,266,14,0,3,3,19,21,19,0,0,0,0,0,16,-61,290
"Nicolas Meloche","D","21-22","S.J",28,389,13.9,0,2,2,23,24,25,0,0,0,0,0,16,-61,288
"William Lagesson","D","21-22","EDM",25,355,14.2,0,2,2,22,36,11,0,0,0,0,0,16,-61,289
"Yannick Weber","D","21-22","-",19,252,13.3,0,2,2,21,26,20,0,0,0,0,0,15,-61,293
"Frederic Allard","D","21-22","NSH",31,590,19,0,2,2,23,29,15,0,0,0,0,0,15,-61,291
"Matt Nieto","F","21-22","S.J",44,551,12.5,4,6,10,52,22,19,0,1,0,0,0,45,-62,395
"Mark Alt","D","21-22","-",18,260,14.5,0,3,3,19,25,12,0,0,0,0,0,15,-62,294
"Jalen Chatfield","D","21-22","CAR",22,300,13.7,0,2,2,17,23,21,0,0,0,0,0,14,-62,297
"Keaton Middleton","D","21-22","COL",24,330,13.8,0,2,2,26,20,22,0,0,0,0,0,14,-62,296
"Luca Sbisa","D","21-22","-",23,357,15.5,0,1,1,21,31,25,0,0,0,0,0,14,-62,295
"Filip Gustavsson","G","21-22","OTT",0,0,0,0,0,0,0,0,0,0,0,6,565,53,90,-63,65
"Matt Bartkowski","D","21-22","-",22,351,16,0,2,2,14,24,14,0,0,0,0,0,13,-63,302
"Sebastian Aho2","D","21-22","NYI",29,430,14.8,0,2,2,22,22,0,0,0,0,0,0,13,-63,301
"Dan Renouf","D","21-22","DET",18,239,13.3,0,3,3,16,12,27,0,0,0,0,0,13,-63,300
"Kevin Connauton","D","21-22","FLA",19,268,14.1,0,2,2,12,22,28,0,0,0,0,0,13,-63,303
"Dakota Mermis","D","21-22","MIN",24,370,15.4,0,2,2,16,25,15,0,0,0,0,0,14,-63,298
"Aaron Ness","D","21-22","-",23,353,15.3,0,2,2,17,20,16,0,0,0,0,0,13,-63,304
"Matt Kiersted","D","21-22","FLA",27,404,15,0,2,2,23,28,4,0,0,0,0,0,13,-63,299
"Matt Calvert","F","21-22","-",41,511,12.5,4,5,9,45,20,35,0,3,0,0,0,43,-64,397
"Ryan Carpenter","F","21-22","CHI",50,596,11.8,2,3,5,60,32,120,1,2,0,0,0,43,-64,398
"Shane Pinto","F","21-22","OTT",41,541,13.1,4,6,10,40,18,38,1,1,0,0,0,43,-64,396
"Fredrik Claesson","D","21-22","T.B",16,222,13.9,0,2,2,10,19,23,0,0,0,0,0,12,-64,313
"Louie Belpedio","D","21-22","MTL",22,370,16.8,0,2,2,13,20,18,0,0,0,0,0,13,-64,306
"Andreas Borgman","D","21-22","DAL",25,338,13.5,0,1,1,20,15,38,0,0,0,0,0,13,-64,305
"Kevin Czuczman","D","21-22","MIN",25,340,13.6,0,2,2,16,16,15,0,0,0,0,0,12,-64,312
"Kyle Burroughs","D","21-22","VAN",20,276,13.8,0,3,3,13,17,17,0,0,0,0,0,12,-64,309
"Brandon Davidson","D","21-22","BUF",22,317,14.4,0,2,2,16,27,9,0,0,0,0,0,12,-64,307
"Guillaume Brisebois","D","21-22","VAN",28,455,16.2,0,2,2,22,22,10,0,0,0,0,0,12,-64,310
"Steven Santini","D","21-22","STL",26,387,14.9,0,1,1,20,25,27,0,0,0,0,0,12,-64,311
"Greg Pateryn","D","21-22","ANA",28,385,13.8,0,0,0,18,36,19,0,0,0,0,0,12,-64,308
"Keith Kinkaid","G","21-22","NYR",0,0,0,0,0,0,0,0,0,0,0,6,526,47,87,-65,66
"Tobias Rieder","F","21-22","-",50,577,11.4,3,3,7,70,42,19,0,2,0,0,0,43,-65,399
"Logan O'Connor","F","21-22","COL",39,401,10.3,4,6,9,52,17,44,0,1,0,0,0,42,-65,400
"Artem Anisimov","F","21-22","-",44,521,11.8,5,6,10,49,10,0,3,0,0,0,0,42,-65,401
"Brogan Rafferty","D","21-22","ANA",24,400,16.7,0,2,2,11,19,4,0,0,0,0,0,11,-65,315
"Christian Wolanin","D","21-22","L.A",26,371,14.3,0,1,1,29,19,0,1,0,0,0,0,11,-65,314
"Cody Eakin","F","21-22","BUF",50,651,12.9,4,5,9,33,23,49,0,1,0,0,0,41,-66,403
"Nicholas Merkley","F","21-22","S.J",43,504,11.7,4,7,10,50,4,37,0,0,0,0,0,41,-66,402
"Lucas Carlsson","D","21-22","FLA",24,340,14.2,0,1,1,20,20,11,0,0,0,0,0,11,-66,316
"Darren Helm","F","21-22","COL",50,601,11.9,3,3,6,87,19,38,0,1,0,0,0,41,-67,404
"Joakim Nordstrom","F","21-22","-",49,530,10.8,1,3,4,50,42,120,0,1,0,0,0,41,-67,405
"Jordan Gross","D","21-22","COL",27,387,14.3,0,1,1,19,18,11,0,0,0,0,0,9,-67,317
"Gavin Bayreuther","D","21-22","CBJ",26,389,14.9,0,0,0,23,25,3,0,0,0,0,0,9,-67,318
"Ukko-Pekka Luukkonen","G","21-22","BUF",0,0,0,0,0,0,0,0,0,0,0,7,454,42,84,-68,67
"Jack Studnicka","F","21-22","BOS",39,486,12.5,3,7,10,46,18,10,1,1,0,0,0,39,-68,407
"Logan Brown","F","21-22","OTT",31,380,12.3,3,3,6,50,9,11,10,0,0,0,0,40,-68,406
"Devan Dubnyk","G","21-22","-",0,0,0,0,0,0,0,0,0,0,0,8,508,58,84,-69,68
"Frederick Gaudreau","F","21-22","MIN",47,591,12.4,3,7,10,32,18,17,0,1,0,0,0,39,-69,408
"Chris Wagner","F","21-22","BOS",52,556,10.7,2,0,2,63,29,155,0,2,0,0,0,39,-69,409
"Matthew Highmore","F","21-22","VAN",53,588,11,3,4,7,40,26,60,0,1,0,0,0,39,-69,411
"Taro Hirose","F","21-22","DET",21,246,11.7,2,4,6,51,12,21,9,0,0,0,0,39,-69,412
"Dryden Hunt","F","21-22","NYR",41,444,10.8,3,5,7,41,4,107,0,0,0,0,0,39,-69,410
"Collin Delia","G","21-22","CHI",0,0,0,0,0,0,0,0,0,0,0,6,489,47,83,-70,69
"Jonah Gadjovich","F","21-22","-",22,224,10.2,4,6,10,36,11,20,0,0,0,0,0,38,-70,413
"Mike Hardman","F","21-22","CHI",38,454,11.9,3,4,7,34,10,101,0,0,0,0,0,37,-70,414
"Julien Gauthier","F","21-22","NYR",47,482,10.2,3,4,7,52,5,80,0,0,0,0,0,37,-70,415
"Antti Raanta","G","21-22","CAR",0,0,0,0,0,0,0,0,0,0,0,10,602,90,81,-71,70
"Leo Komarov","F","21-22","NYI",44,517,11.7,0,5,6,32,18,145,0,1,0,0,0,36,-71,418
"Jayce Hawryluk","F","21-22","-",26,275,10.6,4,4,8,29,7,74,0,0,0,0,0,36,-71,417
"Joe Veleno","F","21-22","DET",41,572,14,3,4,7,46,17,40,3,0,0,0,0,37,-71,416
"Kieffer Bellows","F","21-22","NYI",34,362,10.7,3,5,8,38,6,55,1,0,0,0,0,36,-71,419
"Sam Lafferty","F","21-22","PIT",44,446,10.1,2,3,5,33,11,143,0,0,0,0,0,36,-71,420
"Marcus Sorensen","F","21-22","-",50,616,12.2,4,3,7,36,17,35,0,2,0,0,0,35,-72,426
"Trevor Lewis","F","21-22","CGY",53,542,10.1,2,2,5,57,18,73,0,2,0,0,0,35,-72,423
"Ryan McLeod","F","21-22","EDM",38,473,12.4,3,4,7,40,19,33,1,1,0,0,0,35,-72,424
"Juho Lammikko","F","21-22","FLA",43,482,11.2,3,3,5,47,22,64,1,1,0,0,0,35,-72,425
"Kyle Turris","F","21-22","EDM",43,528,12.3,2,8,10,35,12,8,2,1,0,0,0,36,-72,421
"Quinton Byfield","F","21-22","-",42,562,13.4,3,5,7,39,16,30,3,0,0,0,0,35,-72,428
"Mathieu Olivier","F","21-22","NSH",39,373,9.6,3,3,6,29,18,97,0,0,0,0,0,35,-72,422
"Ryan Reaves","F","21-22","NYR",60,596,10,1,1,2,25,13,224,0,0,0,0,0,35,-72,427
"Liam Foudy","F","21-22","CBJ",42,517,12.3,3,5,8,44,15,12,0,0,0,0,0,34,-73,435
"Evgeny Svechnikov","F","21-22","-",39,412,10.6,3,5,8,28,8,25,3,0,0,0,0,34,-73,433
"Ondrej Kase","F","21-22","TOR",36,456,12.7,3,4,7,61,6,12,2,0,0,0,0,35,-73,429
"Grigori Denisenko","F","21-22","FLA",37,452,12.2,3,5,8,36,8,45,0,0,0,0,0,34,-73,431
"Alex Newhook","F","21-22","COL",39,494,12.7,3,4,7,45,11,43,1,0,0,0,0,35,-73,430
"Mason Marchment","F","21-22","FLA",47,563,11.9,2,4,6,59,6,91,0,0,0,0,0,34,-73,432
"Ryan Lomberg","F","21-22","FLA",43,392,9.1,1,3,5,44,10,132,0,0,0,0,0,34,-73,434
"Parker Kelly","F","21-22","-",32,385,12,3,4,7,40,10,35,0,1,0,0,0,33,-74,440
"Morgan Barron","F","21-22","-",41,530,12.9,3,4,7,35,16,44,0,1,0,0,0,33,-74,437
"Adam Ruzicka","F","21-22","-",36,411,11.4,3,4,7,39,7,19,4,0,0,0,0,33,-74,443
"Vitali Kravtsov","F","21-22","NYR",37,451,12.2,4,5,8,37,13,13,0,0,0,0,0,34,-74,436
"Sonny Milano","F","21-22","ANA",40,496,12.4,3,6,9,40,7,14,2,0,0,0,0,33,-74,438
"Aleksi Heponiemi","F","21-22","FLA",38,470,12.4,3,5,8,43,9,22,0,0,0,0,0,33,-74,439
"Nick Caamano","F","21-22","DAL",44,465,10.6,3,4,6,43,8,70,0,0,0,0,0,33,-74,441
"Brett Ritchie","F","21-22","CGY",40,401,10,2,4,6,36,1,106,0,0,0,0,0,33,-74,442
"David Backes","F","21-22","-",29,311,10.7,2,3,6,41,19,53,0,1,0,0,0,32,-75,446
"Antoine Roussel","F","21-22","ARI",36,376,10.5,1,4,5,36,24,93,0,1,0,0,0,32,-75,449
"Travis Boyd","F","21-22","ARI",43,491,11.4,3,5,9,28,11,6,1,0,0,0,0,32,-75,451
"Joey Anderson","F","21-22","TOR",24,298,12.4,4,4,8,32,10,9,0,0,0,0,0,32,-75,448
"Nolan Foote","F","21-22","N.J",31,357,11.5,4,4,7,39,4,34,0,0,0,0,0,32,-75,447
"Rasmus Kupari","F","21-22","L.A",38,443,11.7,3,4,7,44,7,32,1,0,0,0,0,32,-75,450
"Anthony Angello","F","21-22","PIT",27,194,7.2,2,4,7,36,8,70,0,0,0,0,0,33,-75,444
"John Hayden","F","21-22","BUF",28,260,9.3,2,3,5,21,17,108,0,0,0,0,0,32,-75,445
"Veini Vehvilainen","G","21-22","-",0,0,0,0,0,0,0,0,0,0,0,7,349,30,77,-76,71
"Carter Rowney","F","21-22","DET",38,468,12.2,1,2,3,20,34,107,0,2,0,0,0,31,-76,455
"David Gustafsson","F","21-22","WPG",26,243,9.3,4,3,7,33,10,12,0,0,0,0,0,31,-76,456
"Reese Johnson","F","21-22","CHI",22,216,9.8,3,4,7,26,10,47,0,0,0,0,0,31,-76,453
"Marian Studenic","F","21-22","N.J",36,427,11.9,3,3,6,39,12,41,0,0,0,0,0,31,-76,452
"Peyton Krebs","F","21-22","-",33,393,11.9,3,4,7,39,6,35,1,0,0,0,0,31,-76,454
"Ivan Prosvetov","G","21-22","ARI",0,0,0,0,0,0,0,0,0,0,0,8,358,38,75,-77,72
"Jacob De La Rose","F","21-22","-",23,248,10.8,3,3,6,30,12,59,0,1,0,0,0,30,-77,465
"Karson Kuhlman","F","21-22","BOS",28,311,11.1,3,2,5,43,8,44,0,0,0,0,0,30,-77,464
"Dmytro Timashov","F","21-22","-",27,281,10.4,3,4,7,30,8,30,0,0,0,0,0,30,-77,462
"Jan Jenik","F","21-22","-",36,411,11.4,4,4,7,36,8,19,0,0,0,0,0,31,-77,458
"Glenn Gawdin","F","21-22","CGY",23,217,9.4,3,4,7,34,9,29,0,0,0,0,0,30,-77,460
"Arthur Kaliyev","F","21-22","L.A",40,693,17.3,3,4,7,34,12,22,1,0,0,0,0,30,-77,466
"Jeffrey Viel","F","21-22","S.J",23,210,9.1,3,4,7,32,9,52,0,0,0,0,0,31,-77,457
"Nicholas Robertson","F","21-22","TOR",33,371,11.2,3,4,7,39,5,34,1,0,0,0,0,30,-77,463
"Alex Chmelevski","F","21-22","S.J",34,397,11.7,3,4,7,41,4,41,0,0,0,0,0,30,-77,459
"Kiefer Sherwood","F","21-22","COL",29,301,10.4,3,3,6,36,6,70,0,0,0,0,0,30,-77,461
"William Lockwood","F","21-22","-",26,316,12.1,3,4,7,26,12,19,0,0,0,0,0,29,-78,471
"Matt Luff","F","21-22","NSH",25,269,10.8,3,4,7,33,11,12,0,0,0,0,0,29,-78,472
"Vitaly Abramov","F","21-22","OTT",22,218,9.9,3,4,7,24,9,22,0,0,0,0,0,29,-78,473
"Joel L'Esperance","F","21-22","DAL",23,203,8.8,3,4,7,33,9,21,0,0,0,0,0,30,-78,468
"Drew O'Connor","F","21-22","PIT",27,280,10.4,3,2,6,43,12,15,2,0,0,0,0,30,-78,467
"Zach Senyshyn","F","21-22","BOS",23,243,10.5,3,4,7,29,11,17,0,0,0,0,0,29,-78,470
"Radim Zohorna","F","21-22","PIT",26,257,9.9,3,4,7,36,9,18,0,0,0,0,0,30,-78,469
"Mackenzie MacEachern","F","21-22","STL",29,279,9.6,2,3,4,43,11,60,0,1,0,0,0,28,-79,479
"Brett Murray","F","21-22","-",24,265,11,3,4,7,27,10,20,0,0,0,0,0,28,-79,476
"Filip Chlapik","F","21-22","-",21,223,10.6,3,4,7,25,8,28,1,0,0,0,0,28,-79,478
"Kenny Agostino","F","21-22","-",21,198,9.4,2,5,7,24,7,34,1,0,0,0,0,28,-79,477
"Jesse Ylonen","F","21-22","-",37,545,14.7,2,4,6,38,6,22,2,0,0,0,0,29,-79,474
"Rem Pitlick","F","21-22","NSH",30,331,11,3,3,6,43,10,15,0,0,0,0,0,28,-79,482
"Mackenzie Entwistle","F","21-22","CHI",37,441,11.9,3,3,6,30,5,40,0,0,0,0,0,28,-79,481
"Kole Sherwood","F","21-22","OTT",27,268,9.9,3,3,6,26,8,45,0,0,0,0,0,28,-79,483
"Givani Smith","F","21-22","DET",32,329,10.3,2,4,5,48,5,53,1,0,0,0,0,28,-79,480
"Lane Pederson","F","21-22","S.J",37,427,11.5,1,4,5,45,3,64,2,0,0,0,0,29,-79,475
"Malcolm Subban","G","21-22","CHI",0,0,0,0,0,0,0,0,0,0,0,9,383,47,73,-80,74
"Alexei Melnichuk","G","21-22","S.J",0,0,0,0,0,0,0,0,0,0,0,8,357,40,73,-80,73
"Loui Eriksson","F","21-22","ARI",25,286,11.5,3,4,7,23,10,10,0,0,0,0,0,27,-80,490
"Par Lindholm","F","21-22","-",26,373,14.3,2,5,7,27,15,6,0,0,0,0,0,27,-80,493
"Tyler Graovac","F","21-22","-",27,252,9.3,3,4,7,27,11,6,0,0,0,0,0,27,-80,491
"David Kase","F","21-22","PHI",31,420,13.6,3,2,5,44,10,6,3,0,0,0,0,27,-80,492
"Timothy Gettinger","F","21-22","NYR",26,290,11.2,3,4,6,28,13,22,0,0,0,0,0,28,-80,485
"Morgan Frost","F","21-22","PHI",31,355,11.4,2,4,6,44,5,11,1,0,0,0,0,27,-80,494
"Ivan Chekhovich","F","21-22","-",32,379,11.8,3,4,6,40,5,21,0,0,0,0,0,27,-80,487
"Klim Kostin","F","21-22","STL",31,386,12.5,3,3,6,34,7,37,0,0,0,0,0,27,-80,489
"Tyce Thompson","F","21-22","N.J",34,377,11.1,3,3,6,40,5,38,0,0,0,0,0,28,-80,484
"Michael Dal Colle","F","21-22","-",31,329,10.6,3,2,4,35,11,49,0,0,0,0,0,27,-80,486
"Kole Lind","F","21-22","-",36,456,12.7,2,3,5,35,10,40,1,0,0,0,0,27,-80,488
"Frans Nielsen","F","21-22","-",36,414,11.5,0,5,6,38,19,28,0,2,0,0,0,26,-81,500
"Frederik Gauthier","F","21-22","-",25,199,8,3,3,6,23,11,19,0,0,0,0,0,26,-81,497
"Martin Frk","F","21-22","L.A",16,185,11.6,3,3,6,30,8,17,1,0,0,0,0,26,-81,499
"Michael Frolik","F","21-22","-",30,352,11.7,3,3,6,38,6,17,0,0,0,0,0,26,-81,496
"Maksim Sushko","F","21-22","PHI",28,312,11.1,2,3,6,37,12,19,0,0,0,0,0,26,-81,498
"Martin Kaut","F","21-22","COL",28,282,10.1,2,3,6,34,10,23,0,0,0,0,0,26,-81,501
"Steven Lorentz","F","21-22","CAR",46,510,11.1,1,4,5,41,15,60,0,0,0,0,0,27,-81,495
"Hunter Miska","G","21-22","COL",0,0,0,0,0,0,0,0,0,0,0,7,329,29,71,-82,75
"Mikko Koivu","F","21-22","-",30,366,12.2,2,5,7,22,12,6,0,1,0,0,0,25,-82,502
"Mitchell Stephens","F","21-22","DET",28,309,11,3,1,5,28,6,32,0,0,0,0,0,25,-82,505
"Patrick Russell","F","21-22","-",26,277,10.6,2,3,5,30,12,35,0,0,0,0,0,25,-82,504
"Connor McMichael","F","21-22","WSH",37,486,13.1,3,3,6,36,4,20,0,0,0,0,0,25,-82,503
"Dan Vladar","G","21-22","CGY",0,0,0,0,0,0,0,0,0,0,0,7,349,33,70,-83,76
"Adam Brooks","F","21-22","TOR",26,264,10.2,3,3,5,28,12,17,0,0,0,0,0,25,-83,506
"Stefan Noesen","F","21-22","CAR",20,195,9.7,3,2,5,25,8,22,0,0,0,0,0,24,-83,513
"A.J. Greer","F","21-22","N.J",29,297,10.3,3,3,6,24,9,12,0,0,0,0,0,24,-83,514
"Jackson Cates","F","21-22","PHI",27,295,10.9,3,3,6,29,11,5,0,0,0,0,0,24,-83,510
"Vinni Lettieri","F","21-22","ANA",22,248,11.3,2,3,4,36,10,26,2,0,0,0,0,24,-83,508
"Kristian Vesalainen","F","21-22","WPG",31,313,10.1,2,3,5,30,7,23,0,0,0,0,0,24,-83,511
"Dakota Joshua","F","21-22","STL",30,308,10.3,2,3,5,24,11,46,0,0,0,0,0,25,-83,507
"Lean Bergmann","F","21-22","-",36,455,12.6,2,3,5,35,4,31,0,0,0,0,0,24,-83,512
"Zack MacEwen","F","21-22","VAN",35,322,9.2,1,2,3,39,4,105,0,0,0,0,0,24,-83,509
"Brad Richardson","F","21-22","-",30,357,11.9,2,3,4,34,21,18,0,1,0,0,0,24,-84,515
"Antti Suomela","F","21-22","-",18,191,10.6,2,3,5,19,16,29,0,1,0,0,0,23,-84,519
"Tanner Laczynski","F","21-22","PHI",27,296,11,3,2,5,25,8,20,0,1,0,0,0,23,-84,518
"Alex True","F","21-22","SEA",32,354,11.1,3,1,4,33,10,21,0,0,0,0,0,23,-84,521
"Joachim Blichfeld","F","21-22","S.J",30,311,10.4,3,2,5,35,9,5,1,0,0,0,0,23,-84,520
"Ross Johnston","F","21-22","NYI",24,198,8.3,2,2,4,15,11,74,0,0,0,0,0,24,-84,516
"Carsen Twarynski","F","21-22","SEA",30,302,10.1,3,1,3,24,11,51,0,0,0,0,0,23,-84,522
"Sam Carrick","F","21-22","ANA",29,349,12,2,2,4,28,10,40,0,0,0,0,0,23,-84,523
"Dominik Simon","F","21-22","PIT",39,475,12.2,2,5,6,39,2,19,0,0,0,0,0,24,-84,517
"Jonas Johansson","G","21-22","COL",0,0,0,0,0,0,0,0,0,0,0,6,378,37,68,-85,77
"Joel Kellman","F","21-22","S.J",25,269,10.8,2,3,5,28,13,9,0,1,0,0,0,22,-85,526
"Anton Blidh","F","21-22","BOS",21,216,10.3,2,2,4,24,14,45,0,1,0,0,0,23,-85,524
"Justin Dowling","F","21-22","VAN",24,256,10.7,2,3,5,30,7,17,0,0,0,0,0,22,-85,531
"Luke Johnson","F","21-22","WPG",21,237,11.3,2,2,5,14,9,42,0,0,0,0,0,22,-85,527
"Clark Bishop","F","21-22","OTT",23,222,9.7,2,3,5,20,11,20,0,0,0,0,0,22,-85,528
"Michael Amadio","F","21-22","TOR",38,436,11.5,1,3,3,48,16,0,3,0,0,0,0,22,-85,525
"Josh Dunne","F","21-22","-",29,333,11.5,2,2,4,39,7,38,0,0,0,0,0,22,-85,529
"Phillip Di Giuseppe","F","21-22","VAN",36,377,10.5,0,2,2,35,15,88,0,0,0,0,0,22,-85,530
"Drake Rymsha","F","21-22","-",32,496,15.5,3,2,5,26,7,9,0,0,0,0,0,21,-86,532
"Max McCormick","F","21-22","-",16,123,7.7,2,3,5,17,8,31,0,0,0,0,0,21,-86,535
"Marc Michaelis","F","21-22","-",22,221,10,2,3,5,19,13,24,0,0,0,0,0,21,-86,533
"Liam O'Brien","F","21-22","-",21,145,6.9,2,3,5,12,5,51,0,0,0,0,0,21,-86,536
"Tanner Kero","F","21-22","DAL",43,461,10.7,2,2,4,26,15,20,0,0,0,0,0,21,-86,534
"Nathan Gerbe","F","21-22","CBJ",23,239,10.4,2,2,4,22,11,13,0,1,0,0,0,20,-87,546
"Cameron Hughes","F","21-22","BOS",33,576,17.5,3,1,3,24,18,7,0,1,0,0,0,20,-87,542
"Byron Froese","F","21-22","CGY",20,194,9.7,2,2,4,16,15,25,0,1,0,0,0,20,-87,540
"Josh Currie","F","21-22","-",22,223,10.1,1,2,4,27,10,25,0,1,0,0,0,20,-87,545
"Brandon Pirri","F","21-22","-",24,314,13.1,2,2,4,25,8,16,2,0,0,0,0,21,-87,538
"Austin Czarnik","F","21-22","NYI",18,197,10.9,2,3,4,26,13,13,1,0,0,0,0,21,-87,537
"Brian Pinho","F","21-22","WSH",16,145,9.1,2,3,5,21,8,21,0,0,0,0,0,20,-87,543
"Mathias Brome","F","21-22","-",31,357,11.5,2,1,3,33,13,17,1,0,0,0,0,20,-87,544
"Samuel Morin","F","21-22","PHI",22,228,10.4,2,2,4,17,14,36,0,0,0,0,0,20,-87,539
"Jansen Harkins","F","21-22","WPG",29,285,9.8,2,3,5,37,9,6,0,0,0,0,0,20,-87,541
"Gaetan Haas","F","21-22","-",43,452,10.5,0,1,1,24,35,43,0,1,0,0,0,19,-88,551
"Dylan Sikura","F","21-22","COL",18,181,10.1,2,2,4,16,7,28,0,0,0,0,0,19,-88,555
"C.J. Smith","F","21-22","CAR",17,185,10.9,2,2,4,14,7,32,0,0,0,0,0,19,-88,550
"Dominic Toninato","F","21-22","WPG",27,300,11.1,2,2,4,15,10,26,0,0,0,0,0,19,-88,554
"Cole Smith","F","21-22","NSH",22,218,9.9,2,3,4,20,8,25,0,0,0,0,0,20,-88,547
"Stefan Matteau","F","21-22","COL",22,233,10.6,1,2,4,19,13,35,0,0,0,0,0,19,-88,548
"Gerald Mayhew","F","21-22","PHI",24,242,10.1,1,3,5,25,10,12,0,0,0,0,0,19,-88,549
"Nic Petan","F","21-22","VAN",21,222,10.6,2,2,4,25,7,25,0,0,0,0,0,19,-88,553
"Joseph Cramarossa","F","21-22","MIN",27,273,10.1,2,2,3,18,10,44,0,0,0,0,0,19,-88,552
"Kurtis Gabriel","F","21-22","TOR",19,142,7.5,1,2,3,12,9,68,0,0,0,0,0,19,-88,556
"Kasimir Kaskisuo","G","21-22","-",0,0,0,0,0,0,0,0,0,0,0,7,313,34,63,-89,78
"Hudson Fasching","F","21-22","ARI",19,188,9.9,2,2,4,16,7,28,1,0,0,0,0,18,-89,562
"Tomas Jurco","F","21-22","-",20,187,9.3,2,2,4,21,8,19,0,0,0,0,0,18,-89,559
"Greg McKegg","F","21-22","NYR",20,196,9.8,2,2,4,14,9,22,0,0,0,0,0,18,-89,561
"Joakim Nygard","F","21-22","-",27,262,9.7,2,3,5,25,8,4,0,0,0,0,0,19,-89,558
"Fredrik Handemark","F","21-22","-",24,247,10.3,2,3,4,18,9,17,0,0,0,0,0,18,-89,560
"Michael McCarron","F","21-22","NSH",21,203,9.7,1,2,4,25,9,26,0,0,0,0,0,19,-89,557
"Nate Thompson","F","21-22","PHI",41,435,10.6,0,1,1,24,28,57,0,1,0,0,0,18,-90,563
"Kyle Rau","F","21-22","MIN",24,223,9.3,1,2,4,20,12,15,0,0,0,0,0,17,-90,567
"Riley Nash","F","21-22","WPG",44,506,11.4,0,1,2,29,30,31,0,1,0,0,0,18,-90,564
"Steven Fogarty","F","21-22","BOS",24,226,9.4,2,2,4,9,14,16,0,0,0,0,0,17,-90,569
"Connor Bunnaman","F","21-22","PHI",41,447,10.9,1,1,1,33,11,58,0,1,0,0,0,17,-90,565
"Philippe Maillet","F","21-22","-",20,198,9.9,1,2,4,17,9,18,0,0,0,0,0,17,-90,568
"Michael Sgarbossa","F","21-22","WSH",16,168,10.5,1,3,4,20,6,16,1,0,0,0,0,17,-90,570
"Oskar Steen","F","21-22","BOS",34,431,12.7,1,2,3,38,7,22,0,0,0,0,0,17,-90,566
"Cayden Primeau","G","21-22","MTL",0,0,0,0,0,0,0,0,0,0,0,8,283,36,62,-91,79
"Jay Beagle","F","21-22","ARI",36,404,11.2,0,0,0,31,25,55,0,1,0,0,0,17,-91,571
"Michael Chaput","F","21-22","PIT",15,139,9.3,1,2,3,11,12,28,0,0,0,0,0,16,-91,579
"Daniel Carr","F","21-22","-",26,266,10.2,1,3,4,19,11,9,0,0,0,0,0,17,-91,573
"Nathan Walker","F","21-22","STL",23,258,11.2,1,2,3,14,14,12,0,0,0,0,0,16,-91,578
"Ryan MacInnis","F","21-22","BUF",25,262,10.5,1,2,3,24,7,18,0,0,0,0,0,17,-91,574
"Jonny Brodzinski","F","21-22","NYR",22,207,9.4,1,2,4,19,7,20,0,0,0,0,0,16,-91,575
"Alex Barabanov","F","21-22","S.J",35,402,11.5,1,2,3,31,12,0,1,0,0,0,0,17,-91,572
"Matthew Phillips","F","21-22","-",36,583,16.2,0,2,2,34,9,14,3,0,0,0,0,16,-91,577
"Rhett Gardner","F","21-22","DAL",38,389,10.2,0,1,1,31,12,75,0,0,0,0,0,16,-91,576
"Zac Dalpe","F","21-22","FLA",24,249,10.4,2,2,3,16,11,6,0,0,0,0,0,15,-92,583
"Sheldon Dries","F","21-22","VAN",14,126,9,2,2,3,12,7,24,0,0,0,0,0,16,-92,580
"Gemel Smith","F","21-22","T.B",18,169,9.4,1,2,4,13,8,21,0,0,0,0,0,16,-92,582
"Sheldon Rempal","F","21-22","VAN",21,198,9.4,1,2,3,14,7,19,0,0,0,0,0,15,-92,585
"Austin Poganski","F","21-22","WPG",20,173,8.7,1,2,3,14,5,17,0,0,0,0,0,15,-92,584
"Sean Malone","F","21-22","BUF",26,332,12.8,2,2,4,21,7,0,0,0,0,0,0,15,-92,586
"Scott Sabourin","F","21-22","OTT",14,99,7,1,2,3,14,5,37,0,0,0,0,0,16,-92,581
"Alex Belzile","F","21-22","MTL",20,208,10.4,1,2,3,21,7,13,0,0,0,0,0,15,-92,587
"Craig Anderson","G","21-22","BUF",0,0,0,0,0,0,0,0,0,0,0,5,316,30,59,-93,80
"Chase De Leo","F","21-22","N.J",25,386,15.4,1,2,3,15,10,4,0,0,0,0,0,14,-93,590
"Andy Andreoff","F","21-22","-",16,135,8.5,1,2,3,13,7,29,0,0,0,0,0,15,-93,588
"Justin Bailey","F","21-22","VAN",18,148,8.2,1,2,3,14,5,17,0,0,0,0,0,14,-93,593
"Buddy Robinson","F","21-22","ANA",15,134,8.9,1,2,3,12,7,25,0,0,0,0,0,14,-93,594
"Matthew Peca","F","21-22","STL",18,182,10.1,1,2,3,15,7,26,0,0,0,0,0,14,-93,589
"Daniel Walcott","F","21-22","-",24,288,12,1,2,3,20,8,11,0,0,0,0,0,14,-93,591
"Jayson Megna","F","21-22","COL",24,221,9.2,1,2,3,19,7,14,0,0,0,0,0,14,-93,592
"Eric Comrie","G","21-22","WPG",0,0,0,0,0,0,0,0,0,0,0,8,254,31,58,-94,81
"Garrett Pilon","F","21-22","-",34,448,13.2,0,1,2,37,7,14,0,0,0,0,0,13,-94,598
"Drew Shore","F","21-22","-",16,153,9.6,1,2,3,13,9,14,0,0,0,0,0,14,-94,595
"Andrew Agozzino","F","21-22","OTT",20,200,10,1,1,2,12,12,22,0,0,0,0,0,13,-94,597
"Patrick Brown","F","21-22","VGK",19,185,9.7,1,2,3,9,6,24,0,0,0,0,0,13,-94,600
"Zac Rinaldo","F","21-22","CBJ",11,80,7.3,1,1,2,14,5,36,0,0,0,0,0,14,-94,596
"Micheal Haley","F","21-22","-",13,79,6.1,1,1,2,16,5,33,0,0,0,0,0,13,-94,599
"Marcus Hogberg","G","21-22","-",0,0,0,0,0,0,0,0,0,0,0,7,404,59,58,-95,82
"Jean-Sebastien Dea","F","21-22","-",14,119,8.5,1,1,3,11,4,15,0,0,0,0,0,12,-95,602
"Justin Richards","F","21-22","-",34,437,12.8,1,2,3,26,2,8,0,0,0,0,0,12,-95,601
"Oscar Dansk","G","21-22","-",0,0,0,0,0,0,0,0,0,0,0,5,256,25,52,-100,84
"Maxime Lagace","G","21-22","T.B",0,0,0,0,0,0,0,0,0,0,0,4,278,24,52,-100,83
"Ryan Miller","G","21-22","-",0,0,0,0,0,0,0,0,0,0,0,7,325,49,51,-101,86
"Dustin Tokarski","G","21-22","BUF",0,0,0,0,0,0,0,0,0,0,0,7,383,61,51,-101,85
"Scott Wedgewood","G","21-22","N.J",0,0,0,0,0,0,0,0,0,0,0,4,299,31,47,-105,87
"Josef Korenar","G","21-22","ARI",0,0,0,0,0,0,0,0,0,0,0,4,300,35,46,-107,88
"Stuart Skinner","G","21-22","EDM",0,0,0,0,0,0,0,0,0,0,0,5,208,24,45,-108,89
"Brian Elliott","G","21-22","T.B",0,0,0,0,0,0,0,0,0,0,0,8,207,39,44,-109,90
"Spencer Knight","G","21-22","FLA",0,0,0,0,0,0,0,0,0,0,0,5,245,33,42,-111,91
"Curtis McElhinney","G","21-22","-",0,0,0,0,0,0,0,0,0,0,0,4,249,33,36,-116,92
"Michael Houser","G","21-22","-",0,0,0,0,0,0,0,0,0,0,0,2,199,20,32,-120,93
"Anton Forsberg","G","21-22","OTT",0,0,0,0,0,0,0,0,0,0,0,4,172,31,24,-128,94
"Troy Grosenick","G","21-22","BOS",0,0,0,0,0,0,0,0,0,0,0,3,129,20,23,-130,95
"Aaron Dell","G","21-22","BUF",0,0,0,0,0,0,0,0,0,0,0,4,211,38,22,-131,96
"Louis Domingue","G","21-22","PIT",0,0,0,0,0,0,0,0,0,0,0,3,111,24,13,-139,97
"Carter Hutton","G","21-22","ARI",0,0,0,0,0,0,0,0,0,0,0,3,153,37,7,-146,98
"Alex Lyon","G","21-22","CAR",0,0,0,0,0,0,0,0,0,0,0,3,105,36,2,-150,99
"Calvin Pickard","G","21-22","DET",0,0,0,0,0,0,0,0,0,0,0,3,40,23,0,-152,100
"Chris Gibson","G","21-22","FLA",0,0,0,0,0,0,0,0,0,0,0,2,41,20,0,-152,101
